Nº,Arquivo,Predito,Esperado,Resultado,Latência (ns)
Inferência nº [1],6-139.bin,0,6,Incorreta,1874730
Inferência nº [2],1-113.bin,1,1,Correta,18571700
Inferência nº [3],8-113.bin,0,8,Incorreta,1870510
Inferência nº [4],6-191.bin,3,6,Incorreta,18582500
Inferência nº [5],8-165.bin,0,8,Incorreta,1860400
Inferência nº [6],6-155.bin,3,6,Incorreta,18630840
Inferência nº [7],3-111.bin,0,3,Incorreta,1850810
Inferência nº [8],4-144.bin,8,4,Incorreta,18602490
Inferência nº [9],1-48.bin,0,1,Incorreta,1892770
Inferência nº [10],9-13.bin,9,9,Correta,18553860
Inferência nº [11],5-93.bin,0,5,Incorreta,1901800
Inferência nº [12],5-140.bin,8,5,Incorreta,18590230
Inferência nº [13],2-16.bin,0,2,Incorreta,1850790
Inferência nº [14],8-18.bin,8,8,Correta,18552260
Inferência nº [15],3-45.bin,0,3,Incorreta,1853350
Inferência nº [16],0.25.bin,0,0,Correta,18548450
Inferência nº [17],3-175.bin,0,3,Incorreta,1855480
Inferência nº [18],3-131.bin,3,3,Correta,18550150
Inferência nº [19],9-35.bin,0,9,Incorreta,1797460
Inferência nº [20],6-83.bin,7,6,Incorreta,18615360
Inferência nº [21],6-18.bin,0,6,Incorreta,1787020
Inferência nº [22],7-194.bin,7,7,Correta,18548450
Inferência nº [23],7-196.bin,0,7,Incorreta,1856430
Inferência nº [24],0.51.bin,0,0,Correta,18583820
Inferência nº [25],9-128.bin,0,9,Incorreta,1846050
Inferência nº [26],6-20.bin,6,6,Correta,18577420
Inferência nº [27],5-95.bin,0,5,Incorreta,1787310
Inferência nº [28],4-182.bin,8,4,Incorreta,18551680
Inferência nº [29],2-44.bin,0,2,Incorreta,1797310
Inferência nº [30],5-62.bin,5,5,Correta,18589200
Inferência nº [31],7-99.bin,0,7,Incorreta,1841250
Inferência nº [32],3-200.bin,3,3,Correta,18609320
Inferência nº [33],8-25.bin,0,8,Incorreta,1854810
Inferência nº [34],9-19.bin,8,9,Incorreta,18589610
Inferência nº [35],3-11.bin,0,3,Incorreta,1841990
Inferência nº [36],6-23.bin,0,6,Incorreta,18554050
Inferência nº [37],4-188.bin,0,4,Incorreta,1903090
Inferência nº [38],1-31.bin,1,1,Correta,18550820
Inferência nº [39],4-173.bin,0,4,Incorreta,1856600
Inferência nº [40],4-169.bin,4,4,Correta,18556360
Inferência nº [41],5-13.bin,0,5,Incorreta,1851540
Inferência nº [42],4-157.bin,4,4,Correta,18551950
Inferência nº [43],7-169.bin,0,7,Incorreta,1849500
Inferência nº [44],9-38.bin,9,9,Correta,18582150
Inferência nº [45],9-130.bin,0,9,Incorreta,1857910
Inferência nº [46],1-165.bin,1,1,Correta,18589460
Inferência nº [47],2-108.bin,0,2,Incorreta,1841970
Inferência nº [48],9-78.bin,9,9,Correta,18539680
Inferência nº [49],0.39.bin,0,0,Correta,1853920
Inferência nº [50],2-17.bin,2,2,Correta,18547450
Inferência nº [51],1-78.bin,0,1,Incorreta,1785780
Inferência nº [52],2-33.bin,2,2,Correta,18552720
Inferência nº [53],0.185.bin,0,0,Correta,1857800
Inferência nº [54],8-105.bin,8,8,Correta,18540220
Inferência nº [55],9-146.bin,0,9,Incorreta,1848280
Inferência nº [56],1-94.bin,1,1,Correta,18583880
Inferência nº [57],2-68.bin,0,2,Incorreta,1789460
Inferência nº [58],1-110.bin,1,1,Correta,18590340
Inferência nº [59],1-141.bin,0,1,Incorreta,1826190
Inferência nº [60],7-43.bin,7,7,Correta,18552360
Inferência nº [61],7-151.bin,0,7,Incorreta,1899090
Inferência nº [62],5-196.bin,8,5,Incorreta,18587230
Inferência nº [63],3-16.bin,0,3,Incorreta,1863550
Inferência nº [64],2-95.bin,2,2,Correta,18542240
Inferência nº [65],4-44.bin,0,4,Incorreta,1850170
Inferência nº [66],1-58.bin,1,1,Correta,18546220
Inferência nº [67],1-188.bin,0,1,Incorreta,1858290
Inferência nº [68],6-178.bin,8,6,Incorreta,18557600
Inferência nº [69],6-126.bin,0,6,Incorreta,1861060
Inferência nº [70],4-151.bin,4,4,Correta,18543800
Inferência nº [71],7-28.bin,0,7,Incorreta,1865350
Inferência nº [72],2-133.bin,2,2,Correta,18559710
Inferência nº [73],1-161.bin,0,1,Incorreta,1858630
Inferência nº [74],2-136.bin,2,2,Correta,18552950
Inferência nº [75],4-64.bin,0,4,Incorreta,1856730
Inferência nº [76],3-52.bin,8,3,Incorreta,18543120
Inferência nº [77],3-134.bin,0,3,Incorreta,1857340
Inferência nº [78],3-135.bin,3,3,Correta,18543820
Inferência nº [79],5-120.bin,0,5,Incorreta,1878920
Inferência nº [80],0.77.bin,0,0,Correta,18605440
Inferência nº [81],0.196.bin,0,0,Correta,1855830
Inferência nº [82],6-16.bin,6,6,Correta,18627830
Inferência nº [83],6-52.bin,0,6,Incorreta,1899440
Inferência nº [84],7-67.bin,7,7,Correta,18542520
Inferência nº [85],3-107.bin,0,3,Incorreta,1920780
Inferência nº [86],8-96.bin,8,8,Correta,18575640
Inferência nº [87],3-174.bin,0,3,Incorreta,1794740
Inferência nº [88],4-150.bin,8,4,Incorreta,18542630
Inferência nº [89],4-167.bin,0,4,Incorreta,1857020
Inferência nº [90],2-200.bin,2,2,Correta,18543850
Inferência nº [91],7-39.bin,0,7,Incorreta,1789850
Inferência nº [92],0.178.bin,0,0,Correta,18542600
Inferência nº [93],8-15.bin,0,8,Incorreta,1789120
Inferência nº [94],1-102.bin,1,1,Correta,18553050
Inferência nº [95],1-81.bin,0,1,Incorreta,1853610
Inferência nº [96],9-140.bin,9,9,Correta,18545470
Inferência nº [97],4-75.bin,0,4,Incorreta,1852000
Inferência nº [98],9-88.bin,9,9,Correta,18545890
Inferência nº [99],2-177.bin,0,2,Incorreta,1851880
Inferência nº [100],6-66.bin,6,6,Correta,18551980
Inferência nº [101],0.171.bin,0,0,Correta,1792480
Inferência nº [102],0.36.bin,0,0,Correta,18578490
Inferência nº [103],1-148.bin,0,1,Incorreta,1835950
Inferência nº [104],2-117.bin,8,2,Incorreta,18631280
Inferência nº [105],0.44.bin,0,0,Correta,1862070
Inferência nº [106],1-178.bin,1,1,Correta,18623420
Inferência nº [107],6-70.bin,0,6,Incorreta,1834260
Inferência nº [108],7-176.bin,9,7,Incorreta,18546660
Inferência nº [109],7-113.bin,0,7,Incorreta,1837140
Inferência nº [110],9-50.bin,8,9,Incorreta,18559550
Inferência nº [111],2-57.bin,0,2,Incorreta,1852430
Inferência nº [112],2-178.bin,8,2,Incorreta,18545520
Inferência nº [113],3-60.bin,0,3,Incorreta,1859410
Inferência nº [114],9-32.bin,9,9,Correta,18549200
Inferência nº [115],2-87.bin,0,2,Incorreta,1790730
Inferência nº [116],1-136.bin,1,1,Correta,18553570
Inferência nº [117],8-01.bin,0,8,Incorreta,1857420
Inferência nº [118],4-189.bin,4,4,Correta,18550430
Inferência nº [119],6-90.bin,0,6,Incorreta,1857160
Inferência nº [120],8-175.bin,8,8,Correta,18543590
Inferência nº [121],7-73.bin,0,7,Incorreta,1853690
Inferência nº [122],7-65.bin,7,7,Correta,18542130
Inferência nº [123],3-147.bin,0,3,Incorreta,1841460
Inferência nº [124],7-166.bin,7,7,Correta,18547430
Inferência nº [125],3-195.bin,0,3,Incorreta,1857210
Inferência nº [126],0.83.bin,0,0,Correta,18583120
Inferência nº [127],8-44.bin,0,8,Incorreta,1850100
Inferência nº [128],8-76.bin,8,8,Correta,18625540
Inferência nº [129],0.59.bin,0,0,Correta,1856560
Inferência nº [130],4-123.bin,9,4,Incorreta,18622880
Inferência nº [131],4-116.bin,0,4,Incorreta,1899540
Inferência nº [132],4-35.bin,8,4,Incorreta,18574920
Inferência nº [133],4-28.bin,0,4,Incorreta,1893100
Inferência nº [134],9-82.bin,9,9,Correta,18548660
Inferência nº [135],4-90.bin,0,4,Incorreta,1890460
Inferência nº [136],3-43.bin,2,3,Incorreta,18553250
Inferência nº [137],1-155.bin,0,1,Incorreta,1856380
Inferência nº [138],1-152.bin,1,1,Correta,18541170
Inferência nº [139],9-139.bin,0,9,Incorreta,1853600
Inferência nº [140],1-139.bin,1,1,Correta,18550880
Inferência nº [141],6-96.bin,0,6,Incorreta,1853530
Inferência nº [142],6-196.bin,6,6,Correta,18551140
Inferência nº [143],8-161.bin,0,8,Incorreta,1852990
Inferência nº [144],8-200.bin,8,8,Correta,18580700
Inferência nº [145],7-161.bin,0,7,Incorreta,1841260
Inferência nº [146],8-156.bin,8,8,Correta,18543520
Inferência nº [147],7-143.bin,0,7,Incorreta,1856250
Inferência nº [148],3-87.bin,3,3,Correta,18545140
Inferência nº [149],1-45.bin,0,1,Incorreta,1852880
Inferência nº [150],3-38.bin,3,3,Correta,18552940
Inferência nº [151],8-103.bin,0,8,Incorreta,1855240
Inferência nº [152],8-82.bin,8,8,Correta,18573740
Inferência nº [153],4-30.bin,0,4,Incorreta,1851970
Inferência nº [154],7-101.bin,2,7,Incorreta,18622720
Inferência nº [155],5-182.bin,0,5,Incorreta,1846280
Inferência nº [156],2-118.bin,2,2,Correta,18589690
Inferência nº [157],1-108.bin,0,1,Incorreta,1924720
Inferência nº [158],4-91.bin,9,4,Incorreta,18596700
Inferência nº [159],5-177.bin,0,5,Incorreta,1891380
Inferência nº [160],6-81.bin,6,6,Correta,18547270
Inferência nº [161],2-146.bin,0,2,Incorreta,1860070
Inferência nº [162],4-34.bin,8,4,Incorreta,18550410
Inferência nº [163],2-176.bin,0,2,Incorreta,1853630
Inferência nº [164],9-49.bin,9,9,Correta,18553010
Inferência nº [165],6-148.bin,0,6,Incorreta,1864700
Inferência nº [166],8-149.bin,8,8,Correta,18541810
Inferência nº [167],5-66.bin,0,5,Incorreta,1850050
Inferência nº [168],9-104.bin,7,9,Incorreta,18553130
Inferência nº [169],1-135.bin,0,1,Incorreta,1858290
Inferência nº [170],6-65.bin,6,6,Correta,18549900
Inferência nº [171],6-03.bin,0,6,Incorreta,1854350
Inferência nº [172],5-116.bin,5,5,Correta,18539020
Inferência nº [173],1-67.bin,0,1,Incorreta,1862500
Inferência nº [174],1-156.bin,1,1,Correta,18543420
Inferência nº [175],1-35.bin,0,1,Incorreta,1856640
Inferência nº [176],2-31.bin,2,2,Correta,18549530
Inferência nº [177],6-17.bin,0,6,Incorreta,1788130
Inferência nº [178],6-11.bin,8,6,Incorreta,18590940
Inferência nº [179],5-108.bin,0,5,Incorreta,1844330
Inferência nº [180],4-55.bin,8,4,Incorreta,18617660
Inferência nº [181],2-132.bin,0,2,Incorreta,1899820
Inferência nº [182],0.26.bin,0,0,Correta,18548390
Inferência nº [183],9-193.bin,0,9,Incorreta,1904200
Inferência nº [184],9-02.bin,9,9,Correta,18574160
Inferência nº [185],4-17.bin,0,4,Incorreta,1851670
Inferência nº [186],7-132.bin,8,7,Incorreta,18551310
Inferência nº [187],6-94.bin,0,6,Incorreta,1783330
Inferência nº [188],9-182.bin,9,9,Correta,18549420
Inferência nº [189],9-34.bin,0,9,Incorreta,1790920
Inferência nº [190],0.86.bin,8,0,Incorreta,18540210
Inferência nº [191],2-86.bin,0,2,Incorreta,1789530
Inferência nº [192],8-20.bin,8,8,Correta,18543790
Inferência nº [193],1-116.bin,0,1,Incorreta,1850640
Inferência nº [194],9-160.bin,7,9,Incorreta,18546240
Inferência nº [195],3-177.bin,0,3,Incorreta,1853440
Inferência nº [196],4-74.bin,4,4,Correta,18548610
Inferência nº [197],6-73.bin,0,6,Incorreta,1854370
Inferência nº [198],5-181.bin,8,5,Incorreta,18545450
Inferência nº [199],1-176.bin,0,1,Incorreta,1801610
Inferência nº [200],3-154.bin,3,3,Correta,18584000
Inferência nº [201],9-17.bin,0,9,Incorreta,1853410
Inferência nº [202],8-173.bin,5,8,Incorreta,18620740
Inferência nº [203],4-154.bin,0,4,Incorreta,1836820
Inferência nº [204],8-172.bin,9,8,Incorreta,18622710
Inferência nº [205],2-111.bin,0,2,Incorreta,1889960
Inferência nº [206],9-132.bin,9,9,Correta,18544110
Inferência nº [207],6-46.bin,0,6,Incorreta,1898790
Inferência nº [208],2-91.bin,2,2,Correta,18541590
Inferência nº [209],4-200.bin,0,4,Incorreta,1888370
Inferência nº [210],3-151.bin,3,3,Correta,18576870
Inferência nº [211],2-170.bin,0,2,Incorreta,1847160
Inferência nº [212],0.02.bin,0,0,Correta,18572540
Inferência nº [213],7-155.bin,0,7,Incorreta,1839900
Inferência nº [214],5-92.bin,8,5,Incorreta,18578740
Inferência nº [215],0.40.bin,0,0,Correta,1851570
Inferência nº [216],1-126.bin,1,1,Correta,18586350
Inferência nº [217],1-49.bin,0,1,Incorreta,1836710
Inferência nº [218],4-62.bin,4,4,Correta,18584760
Inferência nº [219],2-135.bin,0,2,Incorreta,1845030
Inferência nº [220],5-122.bin,8,5,Incorreta,18544960
Inferência nº [221],9-90.bin,0,9,Incorreta,1849940
Inferência nº [222],1-191.bin,1,1,Correta,18581010
Inferência nº [223],8-31.bin,0,8,Incorreta,1836380
Inferência nº [224],0.28.bin,8,0,Incorreta,18580220
Inferência nº [225],0.31.bin,0,0,Correta,1848480
Inferência nº [226],0.29.bin,0,0,Correta,18623350
Inferência nº [227],7-149.bin,0,7,Incorreta,1850120
Inferência nº [228],8-158.bin,8,8,Correta,18637350
Inferência nº [229],5-164.bin,0,5,Incorreta,1786510
Inferência nº [230],5-03.bin,8,5,Incorreta,18557450
Inferência nº [231],3-124.bin,0,3,Incorreta,1907840
Inferência nº [232],7-135.bin,8,7,Incorreta,18583200
Inferência nº [233],7-04.bin,0,7,Incorreta,1925290
Inferência nº [234],6-97.bin,6,6,Correta,18592690
Inferência nº [235],8-13.bin,0,8,Incorreta,1847860
Inferência nº [236],5-01.bin,4,5,Incorreta,18575180
Inferência nº [237],2-110.bin,0,2,Incorreta,1846560
Inferência nº [238],3-33.bin,3,3,Correta,18582860
Inferência nº [239],0.96.bin,0,0,Correta,1857780
Inferência nº [240],7-153.bin,7,7,Correta,18572790
Inferência nº [241],2-127.bin,0,2,Incorreta,1854920
Inferência nº [242],1-46.bin,1,1,Correta,18546630
Inferência nº [243],2-21.bin,0,2,Incorreta,1849280
Inferência nº [244],2-05.bin,2,2,Correta,18547850
Inferência nº [245],0.198.bin,0,0,Correta,1855030
Inferência nº [246],2-168.bin,8,2,Incorreta,18546830
Inferência nº [247],9-121.bin,0,9,Incorreta,1849570
Inferência nº [248],5-174.bin,5,5,Correta,18537070
Inferência nº [249],6-193.bin,0,6,Incorreta,1793470
Inferência nº [250],9-87.bin,7,9,Incorreta,18595390
Inferência nº [251],1-166.bin,0,1,Incorreta,1856130
Inferência nº [252],5-149.bin,5,5,Correta,18585300
Inferência nº [253],4-49.bin,0,4,Incorreta,1840050
Inferência nº [254],9-116.bin,8,9,Incorreta,18589950
Inferência nº [255],9-136.bin,0,9,Incorreta,1892920
Inferência nº [256],9-199.bin,9,9,Correta,18544520
Inferência nº [257],3-112.bin,0,3,Incorreta,1895720
Inferência nº [258],7-54.bin,7,7,Correta,18586440
Inferência nº [259],6-182.bin,0,6,Incorreta,1846510
Inferência nº [260],1-83.bin,1,1,Correta,18548230
Inferência nº [261],2-35.bin,0,2,Incorreta,1854560
Inferência nº [262],8-60.bin,8,8,Correta,18551640
Inferência nº [263],3-31.bin,0,3,Incorreta,1799230
Inferência nº [264],0.135.bin,0,0,Correta,18578530
Inferência nº [265],1-87.bin,0,1,Incorreta,1791550
Inferência nº [266],6-101.bin,6,6,Correta,18541590
Inferência nº [267],5-117.bin,0,5,Incorreta,1860360
Inferência nº [268],9-04.bin,8,9,Incorreta,18549060
Inferência nº [269],9-192.bin,0,9,Incorreta,1855270
Inferência nº [270],1-143.bin,1,1,Correta,18544010
Inferência nº [271],6-85.bin,0,6,Incorreta,1800570
Inferência nº [272],1-26.bin,1,1,Correta,18543310
Inferência nº [273],1-38.bin,0,1,Incorreta,1786040
Inferência nº [274],1-186.bin,1,1,Correta,18585310
Inferência nº [275],0.138.bin,0,0,Correta,1798000
Inferência nº [276],4-165.bin,4,4,Correta,18585770
Inferência nº [277],1-36.bin,0,1,Incorreta,1857130
Inferência nº [278],7-152.bin,7,7,Correta,18594700
Inferência nº [279],8-47.bin,0,8,Incorreta,1894650
Inferência nº [280],1-93.bin,1,1,Correta,18547720
Inferência nº [281],1-55.bin,0,1,Incorreta,1898670
Inferência nº [282],7-165.bin,7,7,Correta,18543870
Inferência nº [283],8-10.bin,0,8,Incorreta,1850330
Inferência nº [284],8-177.bin,8,8,Correta,18556230
Inferência nº [285],4-175.bin,0,4,Incorreta,1853240
Inferência nº [286],1-106.bin,1,1,Correta,18541360
Inferência nº [287],8-124.bin,0,8,Incorreta,1854860
Inferência nº [288],0.189.bin,8,0,Incorreta,18541770
Inferência nº [289],0.122.bin,0,0,Correta,1784650
Inferência nº [290],1-13.bin,8,1,Incorreta,18544800
Inferência nº [291],9-167.bin,0,9,Incorreta,1850670
Inferência nº [292],6-104.bin,6,6,Correta,18549490
Inferência nº [293],6-71.bin,0,6,Incorreta,1856390
Inferência nº [294],9-22.bin,8,9,Incorreta,18547920
Inferência nº [295],3-48.bin,0,3,Incorreta,1793690
Inferência nº [296],1-175.bin,1,1,Correta,18546960
Inferência nº [297],7-181.bin,0,7,Incorreta,1784480
Inferência nº [298],6-124.bin,7,6,Incorreta,18543760
Inferência nº [299],5-65.bin,0,5,Incorreta,1854390
Inferência nº [300],5-11.bin,3,5,Incorreta,18627240
Inferência nº [301],3-55.bin,0,3,Incorreta,1857760
Inferência nº [302],2-09.bin,2,2,Correta,18590330
Inferência nº [303],1-16.bin,0,1,Incorreta,1795850
Inferência nº [304],9-58.bin,9,9,Correta,18618630
Inferência nº [305],8-89.bin,0,8,Incorreta,1896470
Inferência nº [306],6-119.bin,6,6,Correta,18577060
Inferência nº [307],2-62.bin,0,2,Incorreta,1893900
Inferência nº [308],5-198.bin,7,5,Incorreta,18540550
Inferência nº [309],5-28.bin,0,5,Incorreta,1856080
Inferência nº [310],2-166.bin,8,2,Incorreta,18605250
Inferência nº [311],8-104.bin,0,8,Incorreta,1862070
Inferência nº [312],4-177.bin,4,4,Correta,18554010
Inferência nº [313],1-04.bin,0,1,Incorreta,1852730
Inferência nº [314],1-100.bin,1,1,Correta,18543070
Inferência nº [315],2-75.bin,0,2,Incorreta,1841750
Inferência nº [316],2-104.bin,2,2,Correta,18539720
Inferência nº [317],3-46.bin,0,3,Incorreta,1840070
Inferência nº [318],2-59.bin,2,2,Correta,18549920
Inferência nº [319],7-62.bin,0,7,Incorreta,1850380
Inferência nº [320],8-95.bin,8,8,Correta,18547870
Inferência nº [321],9-112.bin,0,9,Incorreta,1853270
Inferência nº [322],9-29.bin,8,9,Incorreta,18540540
Inferência nº [323],3-81.bin,0,3,Incorreta,1852350
Inferência nº [324],2-100.bin,2,2,Correta,18542000
Inferência nº [325],8-59.bin,0,8,Incorreta,1851810
Inferência nº [326],3-34.bin,7,3,Incorreta,18596480
Inferência nº [327],3-188.bin,0,3,Incorreta,1854410
Inferência nº [328],8-128.bin,8,8,Correta,18583740
Inferência nº [329],7-198.bin,0,7,Incorreta,1893590
Inferência nº [330],0.195.bin,0,0,Correta,18581490
Inferência nº [331],7-195.bin,0,7,Incorreta,1892030
Inferência nº [332],3-10.bin,3,3,Correta,18541100
Inferência nº [333],4-120.bin,0,4,Incorreta,1848540
Inferência nº [334],1-59.bin,1,1,Correta,18541840
Inferência nº [335],5-85.bin,0,5,Incorreta,1797090
Inferência nº [336],0.126.bin,0,0,Correta,18542420
Inferência nº [337],7-172.bin,0,7,Incorreta,1786710
Inferência nº [338],2-186.bin,2,2,Correta,18548060
Inferência nº [339],0.102.bin,0,0,Correta,1794170
Inferência nº [340],1-77.bin,1,1,Correta,18538980
Inferência nº [341],5-153.bin,0,5,Incorreta,1841860
Inferência nº [342],8-64.bin,8,8,Correta,18540450
Inferência nº [343],9-163.bin,0,9,Incorreta,1785970
Inferência nº [344],4-32.bin,2,4,Incorreta,18546720
Inferência nº [345],3-44.bin,0,3,Incorreta,1853730
Inferência nº [346],1-56.bin,1,1,Correta,18546400
Inferência nº [347],1-160.bin,0,1,Incorreta,1849980
Inferência nº [348],3-54.bin,3,3,Correta,18540990
Inferência nº [349],7-75.bin,0,7,Incorreta,1842180
Inferência nº [350],4-03.bin,4,4,Correta,18630920
Inferência nº [351],9-166.bin,0,9,Incorreta,1852860
Inferência nº [352],3-86.bin,3,3,Correta,18587580
Inferência nº [353],7-68.bin,0,7,Incorreta,1896620
Inferência nº [354],8-17.bin,8,8,Correta,18576200
Inferência nº [355],5-185.bin,0,5,Incorreta,1902520
Inferência nº [356],4-131.bin,4,4,Correta,18558250
Inferência nº [357],3-27.bin,0,3,Incorreta,1856430
Inferência nº [358],0.199.bin,0,0,Correta,18555320
Inferência nº [359],4-18.bin,0,4,Incorreta,1797100
Inferência nº [360],2-157.bin,2,2,Correta,18613780
Inferência nº [361],3-187.bin,0,3,Incorreta,1876500
Inferência nº [362],5-180.bin,8,5,Incorreta,18544220
Inferência nº [363],7-83.bin,0,7,Incorreta,1855040
Inferência nº [364],6-95.bin,6,6,Correta,18574300
Inferência nº [365],5-138.bin,0,5,Incorreta,1853430
Inferência nº [366],9-21.bin,9,9,Correta,18585400
Inferência nº [367],0.140.bin,0,0,Correta,1796600
Inferência nº [368],9-187.bin,4,9,Incorreta,18578560
Inferência nº [369],7-09.bin,0,7,Incorreta,1858120
Inferência nº [370],6-146.bin,6,6,Correta,18580010
Inferência nº [371],5-147.bin,0,5,Incorreta,1846230
Inferência nº [372],3-163.bin,8,3,Incorreta,18574900
Inferência nº [373],3-49.bin,0,3,Incorreta,1848220
Inferência nº [374],6-103.bin,8,6,Incorreta,18633010
Inferência nº [375],9-147.bin,0,9,Incorreta,1847490
Inferência nº [376],3-180.bin,3,3,Correta,18624660
Inferência nº [377],1-65.bin,0,1,Incorreta,1887450
Inferência nº [378],1-195.bin,1,1,Correta,18592880
Inferência nº [379],8-196.bin,0,8,Incorreta,1900590
Inferência nº [380],0.157.bin,0,0,Correta,18586700
Inferência nº [381],3-166.bin,0,3,Incorreta,1848140
Inferência nº [382],2-41.bin,2,2,Correta,18584170
Inferência nº [383],7-72.bin,0,7,Incorreta,1797120
Inferência nº [384],2-25.bin,8,2,Incorreta,18583120
Inferência nº [385],0.181.bin,0,0,Correta,1855960
Inferência nº [386],2-60.bin,8,2,Incorreta,18573230
Inferência nº [387],8-27.bin,0,8,Incorreta,1892870
Inferência nº [388],1-06.bin,1,1,Correta,18549740
Inferência nº [389],2-130.bin,0,2,Incorreta,1790990
Inferência nº [390],0.33.bin,8,0,Incorreta,18557220
Inferência nº [391],1-163.bin,0,1,Incorreta,1793870
Inferência nº [392],4-13.bin,4,4,Correta,18548990
Inferência nº [393],3-146.bin,0,3,Incorreta,1854070
Inferência nº [394],5-168.bin,8,5,Incorreta,18539060
Inferência nº [395],9-26.bin,0,9,Incorreta,1787030
Inferência nº [396],4-31.bin,4,4,Correta,18552120
Inferência nº [397],3-25.bin,0,3,Incorreta,1853550
Inferência nº [398],6-14.bin,6,6,Correta,18618850
Inferência nº [399],6-165.bin,0,6,Incorreta,1852360
Inferência nº [400],6-137.bin,8,6,Incorreta,20639980
Inferência nº [401],7-104.bin,0,7,Incorreta,1505330
Inferência nº [402],9-83.bin,8,9,Incorreta,18256570
Inferência nº [403],6-33.bin,0,6,Incorreta,1545480
Inferência nº [404],4-195.bin,4,4,Correta,18280350
Inferência nº [405],0.150.bin,0,0,Correta,1543250
Inferência nº [406],6-156.bin,6,6,Correta,18288500
Inferência nº [407],3-127.bin,0,3,Incorreta,1553990
Inferência nº [408],2-29.bin,2,2,Correta,18282310
Inferência nº [409],1-74.bin,0,1,Incorreta,1542120
Inferência nº [410],3-172.bin,3,3,Correta,18280200
Inferência nº [411],6-61.bin,0,6,Incorreta,1543130
Inferência nº [412],9-109.bin,9,9,Correta,18276100
Inferência nº [413],4-138.bin,0,4,Incorreta,1542680
Inferência nº [414],5-12.bin,3,5,Incorreta,18275960
Inferência nº [415],0.07.bin,0,0,Correta,1542670
Inferência nº [416],3-41.bin,3,3,Correta,18275540
Inferência nº [417],6-135.bin,0,6,Incorreta,1540460
Inferência nº [418],1-134.bin,1,1,Correta,18275630
Inferência nº [419],4-170.bin,0,4,Incorreta,1541960
Inferência nº [420],3-09.bin,3,3,Correta,18278750
Inferência nº [421],5-56.bin,0,5,Incorreta,1540680
Inferência nº [422],9-79.bin,9,9,Correta,18280230
Inferência nº [423],2-48.bin,0,2,Incorreta,1542750
Inferência nº [424],2-27.bin,2,2,Correta,18275000
Inferência nº [425],1-64.bin,0,1,Incorreta,1540730
Inferência nº [426],6-180.bin,6,6,Correta,18276640
Inferência nº [427],8-127.bin,0,8,Incorreta,1541160
Inferência nº [428],7-87.bin,8,7,Incorreta,18275650
Inferência nº [429],3-73.bin,0,3,Incorreta,1540370
Inferência nº [430],8-190.bin,8,8,Correta,18278450
Inferência nº [431],5-118.bin,0,5,Incorreta,1541230
Inferência nº [432],9-12.bin,9,9,Correta,18278560
Inferência nº [433],6-39.bin,0,6,Incorreta,1540890
Inferência nº [434],8-152.bin,8,8,Correta,18279220
Inferência nº [435],1-07.bin,0,1,Incorreta,1541230
Inferência nº [436],9-111.bin,9,9,Correta,18278330
Inferência nº [437],6-88.bin,0,6,Incorreta,1543180
Inferência nº [438],7-11.bin,7,7,Correta,18277600
Inferência nº [439],6-157.bin,0,6,Incorreta,1540050
Inferência nº [440],2-72.bin,2,2,Correta,18277920
Inferência nº [441],7-86.bin,0,7,Incorreta,1541690
Inferência nº [442],0.48.bin,8,0,Incorreta,18277840
Inferência nº [443],9-129.bin,0,9,Incorreta,1539410
Inferência nº [444],5-105.bin,7,5,Incorreta,18276510
Inferência nº [445],7-79.bin,0,7,Incorreta,1540760
Inferência nº [446],6-171.bin,6,6,Correta,18282340
Inferência nº [447],2-36.bin,0,2,Incorreta,1535590
Inferência nº [448],7-107.bin,0,7,Incorreta,18272470
Inferência nº [449],9-70.bin,0,9,Incorreta,1536280
Inferência nº [450],4-161.bin,8,4,Incorreta,18269730
Inferência nº [451],9-56.bin,0,9,Incorreta,1534660
Inferência nº [452],3-70.bin,3,3,Correta,18270850
Inferência nº [453],4-21.bin,0,4,Incorreta,1535220
Inferência nº [454],0.23.bin,0,0,Correta,18270680
Inferência nº [455],6-56.bin,0,6,Incorreta,1534960
Inferência nº [456],4-107.bin,8,4,Incorreta,18371190
Inferência nº [457],6-115.bin,0,6,Incorreta,1721140
Inferência nº [458],9-194.bin,9,9,Correta,18446600
Inferência nº [459],5-64.bin,0,5,Incorreta,1714520
Inferência nº [460],7-93.bin,7,7,Correta,18479820
Inferência nº [461],3-184.bin,0,3,Incorreta,1703960
Inferência nº [462],6-159.bin,4,6,Incorreta,18439100
Inferência nº [463],8-133.bin,0,8,Incorreta,1703610
Inferência nº [464],1-193.bin,1,1,Correta,18498340
Inferência nº [465],5-69.bin,0,5,Incorreta,1716650
Inferência nº [466],2-152.bin,2,2,Correta,18447090
Inferência nº [467],5-39.bin,0,5,Incorreta,1710230
Inferência nº [468],6-131.bin,6,6,Correta,18478670
Inferência nº [469],6-161.bin,0,6,Incorreta,1703680
Inferência nº [470],0.42.bin,8,0,Incorreta,18442290
Inferência nº [471],9-134.bin,0,9,Incorreta,1699670
Inferência nº [472],8-84.bin,8,8,Correta,18496490
Inferência nº [473],3-64.bin,0,3,Incorreta,1720530
Inferência nº [474],7-163.bin,2,7,Incorreta,18444820
Inferência nº [475],2-179.bin,0,2,Incorreta,1704310
Inferência nº [476],5-74.bin,2,5,Incorreta,18520830
Inferência nº [477],3-168.bin,0,3,Incorreta,1715530
Inferência nº [478],9-144.bin,5,9,Incorreta,18475170
Inferência nº [479],3-51.bin,0,3,Incorreta,1709940
Inferência nº [480],3-167.bin,3,3,Correta,18523360
Inferência nº [481],0.107.bin,0,0,Correta,1755050
Inferência nº [482],8-23.bin,8,8,Correta,18447430
Inferência nº [483],3-148.bin,0,3,Incorreta,1749350
Inferência nº [484],8-157.bin,8,8,Correta,18480980
Inferência nº [485],5-151.bin,0,5,Incorreta,1755730
Inferência nº [486],3-12.bin,3,3,Correta,18449190
Inferência nº [487],5-73.bin,0,5,Incorreta,1715970
Inferência nº [488],9-150.bin,8,9,Incorreta,18477100
Inferência nº [489],4-113.bin,0,4,Incorreta,1704640
Inferência nº [490],5-167.bin,8,5,Incorreta,18437160
Inferência nº [491],0.32.bin,0,0,Correta,1701440
Inferência nº [492],2-14.bin,2,2,Correta,18476020
Inferência nº [493],0.124.bin,0,0,Correta,1714490
Inferência nº [494],7-182.bin,6,7,Incorreta,18451290
Inferência nº [495],8-03.bin,0,8,Incorreta,1710580
Inferência nº [496],3-191.bin,3,3,Correta,18479050
Inferência nº [497],3-47.bin,0,3,Incorreta,1705090
Inferência nº [498],0.65.bin,0,0,Correta,18437290
Inferência nº [499],4-160.bin,0,4,Incorreta,1702440
Inferência nº [500],7-22.bin,7,7,Correta,18476380
Inferência nº [501],7-59.bin,0,7,Incorreta,1718230
Inferência nº [502],8-49.bin,8,8,Correta,18447850
Inferência nº [503],3-17.bin,0,3,Incorreta,1710470
Inferência nº [504],7-119.bin,7,7,Correta,18478950
Inferência nº [505],5-186.bin,0,5,Incorreta,1704750
Inferência nº [506],4-20.bin,8,4,Incorreta,18446920
Inferência nº [507],4-53.bin,0,4,Incorreta,1702230
Inferência nº [508],2-199.bin,2,2,Correta,18480990
Inferência nº [509],1-10.bin,0,1,Incorreta,1716150
Inferência nº [510],4-33.bin,4,4,Correta,18445980
Inferência nº [511],3-150.bin,0,3,Incorreta,1711550
Inferência nº [512],4-80.bin,4,4,Correta,18520310
Inferência nº [513],1-79.bin,0,1,Incorreta,1713970
Inferência nº [514],4-66.bin,9,4,Incorreta,18493520
Inferência nº [515],1-63.bin,0,1,Incorreta,1713450
Inferência nº [516],2-123.bin,2,2,Correta,18514340
Inferência nº [517],3-42.bin,0,3,Incorreta,1755770
Inferência nº [518],7-193.bin,7,7,Correta,18440500
Inferência nº [519],5-126.bin,0,5,Incorreta,1747910
Inferência nº [520],8-04.bin,8,8,Correta,18478950
Inferência nº [521],5-193.bin,0,5,Incorreta,1807650
Inferência nº [522],8-100.bin,8,8,Correta,18484680
Inferência nº [523],6-112.bin,0,6,Incorreta,1709110
Inferência nº [524],4-122.bin,9,4,Incorreta,18476070
Inferência nº [525],9-151.bin,0,9,Incorreta,1720790
Inferência nº [526],2-90.bin,8,2,Incorreta,18450220
Inferência nº [527],8-187.bin,0,8,Incorreta,1711330
Inferência nº [528],0.41.bin,0,0,Correta,18480920
Inferência nº [529],3-179.bin,0,3,Incorreta,1705360
Inferência nº [530],0.174.bin,0,0,Correta,18442600
Inferência nº [531],3-71.bin,0,3,Incorreta,1703180
Inferência nº [532],7-116.bin,7,7,Correta,18483250
Inferência nº [533],4-162.bin,0,4,Incorreta,1715880
Inferência nº [534],6-51.bin,6,6,Correta,18448390
Inferência nº [535],5-29.bin,0,5,Incorreta,1713240
Inferência nº [536],5-41.bin,8,5,Incorreta,18483920
Inferência nº [537],3-66.bin,0,3,Incorreta,1704420
Inferência nº [538],0.71.bin,6,0,Incorreta,18438070
Inferência nº [539],3-106.bin,0,3,Incorreta,1704190
Inferência nº [540],3-125.bin,8,3,Incorreta,18476610
Inferência nº [541],9-45.bin,0,9,Incorreta,1742520
Inferência nº [542],5-53.bin,5,5,Correta,18461760
Inferência nº [543],6-67.bin,0,6,Incorreta,1719800
Inferência nº [544],0.62.bin,0,0,Correta,18488840
Inferência nº [545],2-02.bin,0,2,Incorreta,1708300
Inferência nº [546],4-77.bin,4,4,Correta,18488850
Inferência nº [547],0.99.bin,0,0,Correta,1712650
Inferência nº [548],3-23.bin,6,3,Incorreta,18526240
Inferência nº [549],9-123.bin,0,9,Incorreta,1715360
Inferência nº [550],4-95.bin,8,4,Incorreta,18489360
Inferência nº [551],2-69.bin,0,2,Incorreta,1756320
Inferência nº [552],4-48.bin,7,4,Incorreta,18482960
Inferência nº [553],4-29.bin,0,4,Incorreta,1755760
Inferência nº [554],4-118.bin,4,4,Correta,18438230
Inferência nº [555],7-170.bin,0,7,Incorreta,1784230
Inferência nº [556],0.112.bin,0,0,Correta,18530360
Inferência nº [557],7-162.bin,0,7,Incorreta,1714380
Inferência nº [558],1-66.bin,1,1,Correta,18447980
Inferência nº [559],7-125.bin,0,7,Incorreta,1710180
Inferência nº [560],5-09.bin,3,5,Incorreta,18455260
Inferência nº [561],1-150.bin,0,1,Incorreta,1719330
Inferência nº [562],4-178.bin,9,4,Incorreta,18504220
Inferência nº [563],0.170.bin,0,0,Correta,1723740
Inferência nº [564],0.182.bin,0,0,Correta,18451680
Inferência nº [565],5-160.bin,0,5,Incorreta,1716250
Inferência nº [566],0.193.bin,2,0,Incorreta,18480420
Inferência nº [567],6-143.bin,0,6,Incorreta,1717000
Inferência nº [568],5-83.bin,7,5,Incorreta,18451030
Inferência nº [569],2-65.bin,0,2,Incorreta,1712350
Inferência nº [570],0.91.bin,0,0,Correta,18480040
Inferência nº [571],1-121.bin,0,1,Incorreta,1710900
Inferência nº [572],4-179.bin,4,4,Correta,18453750
Inferência nº [573],2-10.bin,0,2,Incorreta,1706400
Inferência nº [574],4-45.bin,4,4,Correta,18480710
Inferência nº [575],0.143.bin,0,0,Correta,1715720
Inferência nº [576],0.69.bin,0,0,Correta,18452470
Inferência nº [577],1-29.bin,0,1,Incorreta,1709690
Inferência nº [578],1-119.bin,1,1,Correta,18480420
Inferência nº [579],2-159.bin,0,2,Incorreta,1718020
Inferência nº [580],8-06.bin,8,8,Correta,18451870
Inferência nº [581],9-42.bin,0,9,Incorreta,1713670
Inferência nº [582],4-103.bin,4,4,Correta,18518890
Inferência nº [583],9-08.bin,0,9,Incorreta,1705090
Inferência nº [584],2-188.bin,3,2,Incorreta,18489680
Inferência nº [585],0.166.bin,0,0,Correta,1711640
Inferência nº [586],3-182.bin,3,3,Correta,18522650
Inferência nº [587],3-159.bin,0,3,Incorreta,1757690
Inferência nº [588],6-57.bin,8,6,Incorreta,18442840
Inferência nº [589],1-174.bin,0,1,Incorreta,1762550
Inferência nº [590],9-186.bin,8,9,Incorreta,18477430
Inferência nº [591],5-50.bin,0,5,Incorreta,1755510
Inferência nº [592],4-194.bin,4,4,Correta,18437190
Inferência nº [593],8-53.bin,0,8,Incorreta,1705810
Inferência nº [594],7-82.bin,2,7,Incorreta,18475230
Inferência nº [595],4-183.bin,0,4,Incorreta,1715900
Inferência nº [596],6-170.bin,6,6,Correta,18448930
Inferência nº [597],7-92.bin,0,7,Incorreta,1709560
Inferência nº [598],7-178.bin,8,7,Incorreta,18481130
Inferência nº [599],0.30.bin,0,0,Correta,1704570
Inferência nº [600],4-72.bin,8,4,Incorreta,18439800
Inferência nº [601],9-165.bin,0,9,Incorreta,1700810
Inferência nº [602],1-124.bin,1,1,Correta,18476500
Inferência nº [603],1-128.bin,0,1,Incorreta,1717840
Inferência nº [604],7-27.bin,7,7,Correta,18449930
Inferência nº [605],4-141.bin,0,4,Incorreta,1711870
Inferência nº [606],8-57.bin,8,8,Correta,18478630
Inferência nº [607],5-72.bin,0,5,Incorreta,1706990
Inferência nº [608],6-62.bin,6,6,Correta,18437970
Inferência nº [609],1-167.bin,0,1,Incorreta,1701610
Inferência nº [610],1-53.bin,1,1,Correta,18476790
Inferência nº [611],1-115.bin,0,1,Incorreta,1718400
Inferência nº [612],6-48.bin,6,6,Correta,18447590
Inferência nº [613],9-100.bin,0,9,Incorreta,1711410
Inferência nº [614],6-53.bin,6,6,Correta,18481390
Inferência nº [615],4-152.bin,0,4,Incorreta,1702570
Inferência nº [616],9-200.bin,2,9,Incorreta,18441290
Inferência nº [617],9-157.bin,0,9,Incorreta,1705590
Inferência nº [618],6-58.bin,6,6,Correta,18541210
Inferência nº [619],4-96.bin,0,4,Incorreta,1710150
Inferência nº [620],2-18.bin,2,2,Correta,18488690
Inferência nº [621],6-27.bin,0,6,Incorreta,1713120
Inferência nº [622],3-103.bin,3,3,Correta,18519510
Inferência nº [623],2-163.bin,0,2,Incorreta,1757320
Inferência nº [624],9-101.bin,9,9,Correta,18452170
Inferência nº [625],2-183.bin,0,2,Incorreta,1751920
Inferência nº [626],4-12.bin,4,4,Correta,18477340
Inferência nº [627],6-138.bin,0,6,Incorreta,1763340
Inferência nº [628],0.104.bin,0,0,Correta,18434400
Inferência nº [629],5-184.bin,0,5,Incorreta,1701380
Inferência nº [630],2-160.bin,8,2,Incorreta,18471710
Inferência nº [631],9-07.bin,0,9,Incorreta,1721490
Inferência nº [632],0.129.bin,0,0,Correta,18449410
Inferência nº [633],6-166.bin,0,6,Incorreta,1711880
Inferência nº [634],3-04.bin,8,3,Incorreta,18479180
Inferência nº [635],1-15.bin,0,1,Incorreta,1703480
Inferência nº [636],1-171.bin,1,1,Correta,18434710
Inferência nº [637],8-69.bin,0,8,Incorreta,1700730
Inferência nº [638],4-07.bin,4,4,Correta,18467900
Inferência nº [639],1-197.bin,0,1,Incorreta,1717040
Inferência nº [640],8-121.bin,8,8,Correta,18448600
Inferência nº [641],2-20.bin,0,2,Incorreta,1715630
Inferência nº [642],2-37.bin,2,2,Correta,18480160
Inferência nº [643],0.132.bin,0,0,Correta,1704320
Inferência nº [644],7-142.bin,7,7,Correta,18442170
Inferência nº [645],3-199.bin,0,3,Incorreta,1703060
Inferência nº [646],4-19.bin,4,4,Correta,18470740
Inferência nº [647],1-73.bin,0,1,Incorreta,1716090
Inferência nº [648],5-86.bin,8,5,Incorreta,18448590
Inferência nº [649],7-139.bin,0,7,Incorreta,1712210
Inferência nº [650],0.113.bin,0,0,Correta,18482690
Inferência nº [651],9-114.bin,0,9,Incorreta,1706390
Inferência nº [652],4-149.bin,4,4,Correta,18441950
Inferência nº [653],8-182.bin,0,8,Incorreta,1702620
Inferência nº [654],5-78.bin,8,5,Incorreta,18519750
Inferência nº [655],4-39.bin,0,4,Incorreta,1707360
Inferência nº [656],3-165.bin,3,3,Correta,18484360
Inferência nº [657],1-164.bin,0,1,Incorreta,1712520
Inferência nº [658],2-13.bin,2,2,Correta,18518290
Inferência nº [659],9-54.bin,0,9,Incorreta,1754250
Inferência nº [660],8-170.bin,8,8,Correta,18446680
Inferência nº [661],4-105.bin,0,4,Incorreta,1747860
Inferência nº [662],6-55.bin,6,6,Correta,18477000
Inferência nº [663],1-60.bin,0,1,Incorreta,1754720
Inferência nº [664],5-21.bin,8,5,Incorreta,18448060
Inferência nº [665],6-29.bin,0,6,Incorreta,1709450
Inferência nº [666],4-143.bin,9,4,Incorreta,18478620
Inferência nº [667],2-144.bin,0,2,Incorreta,1704210
Inferência nº [668],6-153.bin,6,6,Correta,18439940
Inferência nº [669],3-164.bin,0,3,Incorreta,1713790
Inferência nº [670],8-189.bin,8,8,Correta,18481490
Inferência nº [671],7-50.bin,0,7,Incorreta,1713740
Inferência nº [672],4-168.bin,4,4,Correta,18450370
Inferência nº [673],7-77.bin,0,7,Incorreta,1710070
Inferência nº [674],6-13.bin,6,6,Correta,18473280
Inferência nº [675],4-71.bin,0,4,Incorreta,1713170
Inferência nº [676],6-116.bin,6,6,Correta,18449270
Inferência nº [677],5-125.bin,0,5,Incorreta,1710320
Inferência nº [678],7-06.bin,7,7,Correta,18480200
Inferência nº [679],8-67.bin,0,8,Incorreta,1714140
Inferência nº [680],2-193.bin,8,2,Incorreta,18445130
Inferência nº [681],1-27.bin,0,1,Incorreta,1701800
Inferência nº [682],7-71.bin,7,7,Correta,18472740
Inferência nº [683],7-24.bin,0,7,Incorreta,1718800
Inferência nº [684],9-127.bin,9,9,Correta,18448450
Inferência nº [685],3-59.bin,0,3,Incorreta,1712590
Inferência nº [686],7-89.bin,7,7,Correta,18476430
Inferência nº [687],0.35.bin,0,0,Correta,1711050
Inferência nº [688],9-77.bin,8,9,Incorreta,18441660
Inferência nº [689],0.144.bin,0,0,Correta,1700650
Inferência nº [690],5-37.bin,3,5,Incorreta,18518350
Inferência nº [691],6-74.bin,0,6,Incorreta,1712790
Inferência nº [692],2-140.bin,2,2,Correta,18486170
Inferência nº [693],8-78.bin,0,8,Incorreta,1703240
Inferência nº [694],6-47.bin,6,6,Correta,18510160
Inferência nº [695],3-06.bin,0,3,Incorreta,1771760
Inferência nº [696],1-05.bin,1,1,Correta,18441420
Inferência nº [697],9-73.bin,0,9,Incorreta,1750700
Inferência nº [698],7-16.bin,7,7,Correta,18484450
Inferência nº [699],7-114.bin,0,7,Incorreta,1763290
Inferência nº [700],9-11.bin,9,9,Correta,18449120
Inferência nº [701],6-31.bin,0,6,Incorreta,1711950
Inferência nº [702],5-36.bin,8,5,Incorreta,18662240
Inferência nº [703],3-90.bin,0,3,Incorreta,1720440
Inferência nº [704],4-139.bin,9,4,Incorreta,18454550
Inferência nº [705],9-31.bin,0,9,Incorreta,1711200
Inferência nº [706],6-198.bin,6,6,Correta,18480420
Inferência nº [707],8-169.bin,0,8,Incorreta,1706330
Inferência nº [708],7-30.bin,7,7,Correta,18435640
Inferência nº [709],4-145.bin,0,4,Incorreta,1700550
Inferência nº [710],1-41.bin,1,1,Correta,18475270
Inferência nº [711],0.74.bin,0,0,Correta,1714870
Inferência nº [712],6-175.bin,6,6,Correta,18448010
Inferência nº [713],2-139.bin,0,2,Incorreta,1712250
Inferência nº [714],4-130.bin,8,4,Incorreta,18483190
Inferência nº [715],7-144.bin,0,7,Incorreta,1702620
Inferência nº [716],4-43.bin,9,4,Incorreta,18441970
Inferência nº [717],9-148.bin,0,9,Incorreta,1701610
Inferência nº [718],4-158.bin,8,4,Incorreta,18476760
Inferência nº [719],0.146.bin,0,0,Correta,1714490
Inferência nº [720],1-18.bin,1,1,Correta,18448680
Inferência nº [721],0.177.bin,0,0,Correta,1715810
Inferência nº [722],0.105.bin,0,0,Correta,18479720
Inferência nº [723],6-179.bin,0,6,Incorreta,1700850
Inferência nº [724],6-50.bin,8,6,Incorreta,18436440
Inferência nº [725],6-125.bin,0,6,Incorreta,1700250
Inferência nº [726],5-31.bin,4,5,Incorreta,18513640
Inferência nº [727],8-56.bin,0,8,Incorreta,1714540
Inferência nº [728],2-07.bin,2,2,Correta,18487380
Inferência nº [729],5-80.bin,0,5,Incorreta,1702870
Inferência nº [730],0.19.bin,0,0,Correta,18518900
Inferência nº [731],9-95.bin,0,9,Incorreta,1756480
Inferência nº [732],0.98.bin,0,0,Correta,18447870
Inferência nº [733],2-169.bin,0,2,Incorreta,1748790
Inferência nº [734],3-178.bin,8,3,Incorreta,18479190
Inferência nº [735],7-63.bin,0,7,Incorreta,1755810
Inferência nº [736],2-191.bin,8,2,Incorreta,18446860
Inferência nº [737],1-170.bin,0,1,Incorreta,1712220
Inferência nº [738],4-85.bin,8,4,Incorreta,18478440
Inferência nº [739],4-164.bin,0,4,Incorreta,1704130
Inferência nº [740],3-158.bin,3,3,Correta,18438320
Inferência nº [741],7-98.bin,0,7,Incorreta,1700320
Inferência nº [742],0.161.bin,0,0,Correta,18482860
Inferência nº [743],8-90.bin,0,8,Incorreta,1716080
Inferência nº [744],7-106.bin,8,7,Incorreta,18448750
Inferência nº [745],2-142.bin,0,2,Incorreta,1714350
Inferência nº [746],9-05.bin,9,9,Correta,18483430
Inferência nº [747],9-141.bin,0,9,Incorreta,1705020
Inferência nº [748],6-130.bin,6,6,Correta,18439280
Inferência nº [749],3-108.bin,0,3,Incorreta,1713760
Inferência nº [750],6-114.bin,6,6,Correta,18495320
Inferência nº [751],4-84.bin,0,4,Incorreta,1709490
Inferência nº [752],7-76.bin,7,7,Correta,18451450
Inferência nº [753],4-99.bin,0,4,Incorreta,1715610
Inferência nº [754],7-20.bin,2,7,Incorreta,18489270
Inferência nº [755],3-194.bin,0,3,Incorreta,1707480
Inferência nº [756],2-22.bin,2,2,Correta,18440810
Inferência nº [757],8-26.bin,0,8,Incorreta,1701260
Inferência nº [758],1-118.bin,6,1,Incorreta,18479780
Inferência nº [759],1-57.bin,0,1,Incorreta,1718620
Inferência nº [760],2-88.bin,8,2,Incorreta,18449870
Inferência nº [761],9-138.bin,0,9,Incorreta,1711130
Inferência nº [762],0.119.bin,8,0,Incorreta,18499070
Inferência nº [763],4-119.bin,0,4,Incorreta,1705320
Inferência nº [764],9-98.bin,8,9,Incorreta,18468360
Inferência nº [765],2-83.bin,0,2,Incorreta,1712980
Inferência nº [766],9-161.bin,9,9,Correta,18502660
Inferência nº [767],0.67.bin,0,0,Correta,1731450
Inferência nº [768],2-138.bin,2,2,Correta,18441040
Inferência nº [769],2-55.bin,0,2,Incorreta,1732540
Inferência nº [770],4-11.bin,8,4,Incorreta,18482720
Inferência nº [771],7-56.bin,0,7,Incorreta,1724830
Inferência nº [772],0.09.bin,0,0,Correta,18452830
Inferência nº [773],7-01.bin,0,7,Incorreta,1705850
Inferência nº [774],8-148.bin,8,8,Correta,18478540
Inferência nº [775],4-176.bin,0,4,Incorreta,1715560
Inferência nº [776],2-12.bin,8,2,Incorreta,18448280
Inferência nº [777],2-79.bin,0,2,Incorreta,1710830
Inferência nº [778],8-120.bin,8,8,Correta,18478660
Inferência nº [779],7-197.bin,0,7,Incorreta,1702080
Inferência nº [780],8-199.bin,8,8,Correta,18450930
Inferência nº [781],8-193.bin,0,8,Incorreta,1711680
Inferência nº [782],6-87.bin,6,6,Correta,18481210
Inferência nº [783],3-63.bin,0,3,Incorreta,1718030
Inferência nº [784],5-51.bin,7,5,Incorreta,18448800
Inferência nº [785],7-175.bin,0,7,Incorreta,1708120
Inferência nº [786],3-155.bin,3,3,Correta,18477120
Inferência nº [787],5-188.bin,0,5,Incorreta,1706120
Inferência nº [788],3-83.bin,3,3,Correta,18437420
Inferência nº [789],4-23.bin,0,4,Incorreta,1710130
Inferência nº [790],1-98.bin,1,1,Correta,18476830
Inferência nº [791],0.47.bin,0,0,Correta,1714380
Inferência nº [792],4-98.bin,4,4,Correta,18450560
Inferência nº [793],7-124.bin,0,7,Incorreta,1710580
Inferência nº [794],2-172.bin,2,2,Correta,18481090
Inferência nº [795],5-88.bin,0,5,Incorreta,1703220
Inferência nº [796],2-73.bin,2,2,Correta,18437580
Inferência nº [797],4-126.bin,0,4,Incorreta,1703810
Inferência nº [798],4-50.bin,4,4,Correta,18494490
Inferência nº [799],8-09.bin,0,8,Incorreta,1713700
Inferência nº [800],9-41.bin,9,9,Correta,18468660
Inferência nº [801],0.13.bin,0,0,Correta,1703770
Inferência nº [802],7-74.bin,8,7,Incorreta,18495660
Inferência nº [803],5-130.bin,0,5,Incorreta,1734990
Inferência nº [804],9-108.bin,8,9,Incorreta,18452630
Inferência nº [805],9-55.bin,0,9,Incorreta,1731910
Inferência nº [806],5-48.bin,8,5,Incorreta,18469760
Inferência nº [807],5-155.bin,0,5,Incorreta,1735260
Inferência nº [808],4-129.bin,4,4,Correta,18451180
Inferência nº [809],4-26.bin,0,4,Incorreta,1710700
Inferência nº [810],3-170.bin,3,3,Correta,18474960
Inferência nº [811],2-71.bin,0,2,Incorreta,1716600
Inferência nº [812],6-22.bin,5,6,Incorreta,18451890
Inferência nº [813],2-165.bin,0,2,Incorreta,1712520
Inferência nº [814],0.187.bin,0,0,Correta,18481970
Inferência nº [815],9-25.bin,0,9,Incorreta,1707140
Inferência nº [816],3-21.bin,3,3,Correta,18439360
Inferência nº [817],5-175.bin,0,5,Incorreta,1702560
Inferência nº [818],5-42.bin,8,5,Incorreta,18480980
Inferência nº [819],8-30.bin,0,8,Incorreta,1714500
Inferência nº [820],4-58.bin,8,4,Incorreta,18449250
Inferência nº [821],6-19.bin,0,6,Incorreta,1711430
Inferência nº [822],0.186.bin,0,0,Correta,18482440
Inferência nº [823],1-86.bin,0,1,Incorreta,1703510
Inferência nº [824],6-102.bin,1,6,Incorreta,18435740
Inferência nº [825],6-199.bin,0,6,Incorreta,1706100
Inferência nº [826],7-180.bin,2,7,Incorreta,18491420
Inferência nº [827],9-106.bin,0,9,Incorreta,1719040
Inferência nº [828],7-120.bin,7,7,Correta,18449260
Inferência nº [829],2-99.bin,0,2,Incorreta,1721620
Inferência nº [830],7-84.bin,7,7,Correta,18474000
Inferência nº [831],0.127.bin,0,0,Correta,1714940
Inferência nº [832],2-67.bin,8,2,Incorreta,18452080
Inferência nº [833],7-48.bin,0,7,Incorreta,1712930
Inferência nº [834],4-68.bin,8,4,Incorreta,18496830
Inferência nº [835],0.152.bin,0,0,Correta,1705940
Inferência nº [836],4-191.bin,9,4,Incorreta,18456360
Inferência nº [837],0.88.bin,0,0,Correta,1708820
Inferência nº [838],4-181.bin,9,4,Incorreta,18493940
Inferência nº [839],1-20.bin,0,1,Incorreta,1740940
Inferência nº [840],1-180.bin,1,1,Correta,18437270
Inferência nº [841],5-112.bin,0,5,Incorreta,1719620
Inferência nº [842],1-101.bin,1,1,Correta,18479890
Inferência nº [843],4-42.bin,0,4,Incorreta,1732520
Inferência nº [844],8-37.bin,8,8,Correta,18442460
Inferência nº [845],8-117.bin,0,8,Incorreta,1732560
Inferência nº [846],0.108.bin,0,0,Correta,18480220
Inferência nº [847],5-127.bin,0,5,Incorreta,1716340
Inferência nº [848],4-97.bin,4,4,Correta,18449560
Inferência nº [849],6-136.bin,0,6,Incorreta,1729440
Inferência nº [850],7-115.bin,9,7,Incorreta,18484910
Inferência nº [851],0.17.bin,0,0,Correta,1705500
Inferência nº [852],5-156.bin,5,5,Correta,18438820
Inferência nº [853],9-135.bin,0,9,Incorreta,1702920
Inferência nº [854],4-16.bin,4,4,Correta,18478290
Inferência nº [855],9-75.bin,0,9,Incorreta,1715810
Inferência nº [856],4-57.bin,9,4,Incorreta,18450790
Inferência nº [857],8-197.bin,0,8,Incorreta,1711810
Inferência nº [858],8-22.bin,8,8,Correta,18476980
Inferência nº [859],4-01.bin,0,4,Incorreta,1702720
Inferência nº [860],8-126.bin,8,8,Correta,18452890
Inferência nº [861],2-61.bin,0,2,Incorreta,1719160
Inferência nº [862],8-137.bin,8,8,Correta,18485950
Inferência nº [863],2-116.bin,0,2,Incorreta,1710580
Inferência nº [864],2-147.bin,2,2,Correta,18442200
Inferência nº [865],8-155.bin,0,8,Incorreta,1703440
Inferência nº [866],2-51.bin,2,2,Correta,18481480
Inferência nº [867],2-161.bin,0,2,Incorreta,1713730
Inferência nº [868],9-89.bin,9,9,Correta,18449650
Inferência nº [869],4-14.bin,0,4,Incorreta,1712360
Inferência nº [870],4-124.bin,6,4,Incorreta,18498850
Inferência nº [871],4-51.bin,0,4,Incorreta,1717240
Inferência nº [872],5-60.bin,8,5,Incorreta,18473140
Inferência nº [873],8-141.bin,0,8,Incorreta,1713560
Inferência nº [874],8-68.bin,8,8,Correta,18501030
Inferência nº [875],1-84.bin,0,1,Incorreta,1736600
Inferência nº [876],6-30.bin,8,6,Incorreta,18449230
Inferência nº [877],4-171.bin,0,4,Incorreta,1731180
Inferência nº [878],8-195.bin,8,8,Correta,18481720
Inferência nº [879],9-53.bin,0,9,Incorreta,1739790
Inferência nº [880],5-30.bin,8,5,Incorreta,18450460
Inferência nº [881],0.160.bin,0,0,Correta,1729420
Inferência nº [882],4-187.bin,4,4,Correta,18473660
Inferência nº [883],0.56.bin,0,0,Correta,1717310
Inferência nº [884],9-156.bin,9,9,Correta,18453670
Inferência nº [885],5-132.bin,0,5,Incorreta,1713760
Inferência nº [886],7-154.bin,7,7,Correta,18480980
Inferência nº [887],9-180.bin,0,9,Incorreta,1705410
Inferência nº [888],0.111.bin,0,0,Correta,18443330
Inferência nº [889],4-63.bin,0,4,Incorreta,1701230
Inferência nº [890],6-98.bin,6,6,Correta,18467890
Inferência nº [891],8-130.bin,0,8,Incorreta,1717990
Inferência nº [892],2-196.bin,2,2,Correta,18451360
Inferência nº [893],9-06.bin,0,9,Incorreta,1712490
Inferência nº [894],0.85.bin,0,0,Correta,18478380
Inferência nº [895],5-82.bin,0,5,Incorreta,1704690
Inferência nº [896],8-34.bin,8,8,Correta,18443290
Inferência nº [897],1-19.bin,0,1,Incorreta,1700910
Inferência nº [898],8-109.bin,8,8,Correta,18471140
Inferência nº [899],5-106.bin,0,5,Incorreta,1714990
Inferência nº [900],3-39.bin,3,3,Correta,18446980
Inferência nº [901],1-179.bin,0,1,Incorreta,1715650
Inferência nº [902],1-125.bin,1,1,Correta,18480400
Inferência nº [903],9-14.bin,0,9,Incorreta,1703740
Inferência nº [904],4-110.bin,4,4,Correta,18444160
Inferência nº [905],6-92.bin,0,6,Incorreta,1704990
Inferência nº [906],6-59.bin,6,6,Correta,18467050
Inferência nº [907],3-79.bin,0,3,Incorreta,1715060
Inferência nº [908],0.53.bin,7,0,Incorreta,18468710
Inferência nº [909],8-12.bin,0,8,Incorreta,1711320
Inferência nº [910],7-192.bin,7,7,Correta,18499900
Inferência nº [911],8-122.bin,0,8,Incorreta,1716470
Inferência nº [912],7-138.bin,7,7,Correta,18474300
Inferência nº [913],7-140.bin,0,7,Incorreta,1732200
Inferência nº [914],1-112.bin,1,1,Correta,18474610
Inferência nº [915],7-150.bin,0,7,Incorreta,1738570
Inferência nº [916],4-198.bin,4,4,Correta,18449160
Inferência nº [917],2-06.bin,0,2,Incorreta,1730310
Inferência nº [918],8-92.bin,8,8,Correta,18483130
Inferência nº [919],7-94.bin,0,7,Incorreta,1705650
Inferência nº [920],0.153.bin,0,0,Correta,18439680
Inferência nº [921],5-07.bin,0,5,Incorreta,1713280
Inferência nº [922],5-59.bin,8,5,Incorreta,18525360
Inferência nº [923],5-170.bin,0,5,Incorreta,1703050
Inferência nº [924],0.149.bin,0,0,Correta,18438830
Inferência nº [925],6-183.bin,0,6,Incorreta,1709710
Inferência nº [926],1-12.bin,1,1,Correta,18497350
Inferência nº [927],6-45.bin,0,6,Incorreta,1718230
Inferência nº [928],4-133.bin,4,4,Correta,18449880
Inferência nº [929],3-129.bin,0,3,Incorreta,1711730
Inferência nº [930],4-192.bin,4,4,Correta,18476430
Inferência nº [931],6-151.bin,0,6,Incorreta,1717490
Inferência nº [932],7-96.bin,7,7,Correta,18448410
Inferência nº [933],8-66.bin,0,8,Incorreta,1713650
Inferência nº [934],0.18.bin,2,0,Incorreta,18478340
Inferência nº [935],3-94.bin,0,3,Incorreta,1713270
Inferência nº [936],7-184.bin,7,7,Correta,18446640
Inferência nº [937],3-196.bin,0,3,Incorreta,1698820
Inferência nº [938],6-187.bin,6,6,Correta,18470950
Inferência nº [939],5-08.bin,0,5,Incorreta,1717460
Inferência nº [940],5-111.bin,8,5,Incorreta,18449610
Inferência nº [941],5-192.bin,0,5,Incorreta,1712110
Inferência nº [942],7-187.bin,7,7,Correta,18480450
Inferência nº [943],3-137.bin,0,3,Incorreta,1716540
Inferência nº [944],7-03.bin,7,7,Correta,18464820
Inferência nº [945],2-94.bin,0,2,Incorreta,1703700
Inferência nº [946],6-76.bin,6,6,Correta,18495850
Inferência nº [947],6-118.bin,0,6,Incorreta,1713270
Inferência nº [948],4-106.bin,4,4,Correta,18469510
Inferência nº [949],1-91.bin,0,1,Incorreta,1721510
Inferência nº [950],5-159.bin,5,5,Correta,18481110
Inferência nº [951],8-125.bin,0,8,Incorreta,1735820
Inferência nº [952],9-27.bin,8,9,Incorreta,18443320
Inferência nº [953],9-137.bin,0,9,Incorreta,1724580
Inferência nº [954],8-75.bin,3,8,Incorreta,18493530
Inferência nº [955],6-10.bin,0,6,Incorreta,1714060
Inferência nº [956],5-22.bin,5,5,Correta,18448730
Inferência nº [957],0.106.bin,0,0,Correta,1712590
Inferência nº [958],9-93.bin,4,9,Incorreta,18480060
Inferência nº [959],8-43.bin,0,8,Incorreta,1702750
Inferência nº [960],7-02.bin,7,7,Correta,18439450
Inferência nº [961],6-152.bin,0,6,Incorreta,1710530
Inferência nº [962],5-135.bin,5,5,Correta,18476610
Inferência nº [963],8-111.bin,0,8,Incorreta,1713520
Inferência nº [964],4-140.bin,4,4,Correta,18450430
Inferência nº [965],1-200.bin,0,1,Incorreta,1711940
Inferência nº [966],4-102.bin,4,4,Correta,18472680
Inferência nº [967],3-14.bin,0,3,Incorreta,1708620
Inferência nº [968],0.131.bin,0,0,Correta,18440170
Inferência nº [969],0.79.bin,0,0,Correta,1702570
Inferência nº [970],8-16.bin,8,8,Correta,18477650
Inferência nº [971],9-172.bin,0,9,Incorreta,1712620
Inferência nº [972],7-12.bin,9,7,Incorreta,18448110
Inferência nº [973],9-184.bin,0,9,Incorreta,1710850
Inferência nº [974],3-153.bin,8,3,Incorreta,18479890
Inferência nº [975],2-114.bin,0,2,Incorreta,1701960
Inferência nº [976],9-18.bin,9,9,Correta,18436410
Inferência nº [977],9-124.bin,0,9,Incorreta,1701100
Inferência nº [978],0.82.bin,0,0,Correta,18477600
Inferência nº [979],0.200.bin,0,0,Correta,1716350
Inferência nº [980],5-162.bin,8,5,Incorreta,18467810
Inferência nº [981],7-117.bin,0,7,Incorreta,1713740
Inferência nº [982],8-107.bin,8,8,Correta,18499820
Inferência nº [983],5-145.bin,0,5,Incorreta,1715070
Inferência nº [984],2-26.bin,2,2,Correta,18470130
Inferência nº [985],4-155.bin,0,4,Incorreta,1731780
Inferência nº [986],4-190.bin,4,4,Correta,18473100
Inferência nº [987],5-46.bin,0,5,Incorreta,1735110
Inferência nº [988],3-77.bin,3,3,Correta,18451040
Inferência nº [989],3-105.bin,0,3,Incorreta,1732070
Inferência nº [990],0.63.bin,0,0,Correta,18477150
Inferência nº [991],5-150.bin,0,5,Incorreta,1713250
Inferência nº [992],5-40.bin,5,5,Correta,18449540
Inferência nº [993],7-70.bin,0,7,Incorreta,1714720
Inferência nº [994],3-18.bin,3,3,Correta,18479710
Inferência nº [995],1-154.bin,0,1,Incorreta,1716990
Inferência nº [996],5-19.bin,8,5,Incorreta,18441260
Inferência nº [997],2-76.bin,0,2,Incorreta,1699920
Inferência nº [998],0.58.bin,0,0,Correta,18472570
Inferência nº [999],6-117.bin,0,6,Incorreta,1714510
Inferência nº [1000],9-191.bin,9,9,Correta,18449830
Inferência nº [1001],9-153.bin,0,9,Incorreta,1716630
Inferência nº [1002],0.162.bin,0,0,Correta,18481970
Inferência nº [1003],0.75.bin,0,0,Correta,1726250
Inferência nº [1004],8-05.bin,8,8,Correta,18457170
Inferência nº [1005],8-168.bin,0,8,Incorreta,1705560
Inferência nº [1006],5-142.bin,5,5,Correta,18483980
Inferência nº [1007],4-137.bin,0,4,Incorreta,1716430
Inferência nº [1008],5-195.bin,8,5,Incorreta,18452590
Inferência nº [1009],1-133.bin,0,1,Incorreta,1717800
Inferência nº [1010],1-02.bin,1,1,Correta,18484200
Inferência nº [1011],6-25.bin,0,6,Incorreta,1714590
Inferência nº [1012],3-35.bin,3,3,Correta,18447860
Inferência nº [1013],6-134.bin,0,6,Incorreta,1711630
Inferência nº [1014],2-167.bin,8,2,Incorreta,18479350
Inferência nº [1015],5-129.bin,0,5,Incorreta,1714100
Inferência nº [1016],3-160.bin,3,3,Correta,18460320
Inferência nº [1017],4-156.bin,0,4,Incorreta,1704650
Inferência nº [1018],6-142.bin,8,6,Incorreta,18493850
Inferência nº [1019],7-78.bin,0,7,Incorreta,1718460
Inferência nº [1020],4-104.bin,4,4,Correta,18477030
Inferência nº [1021],6-28.bin,0,6,Incorreta,1722300
Inferência nº [1022],4-117.bin,4,4,Correta,18476630
Inferência nº [1023],1-177.bin,0,1,Incorreta,1735380
Inferência nº [1024],3-142.bin,3,3,Correta,18442810
Inferência nº [1025],6-78.bin,0,6,Incorreta,1721430
Inferência nº [1026],2-47.bin,2,2,Correta,18478330
Inferência nº [1027],6-100.bin,0,6,Incorreta,1715580
Inferência nº [1028],9-61.bin,8,9,Incorreta,18448570
Inferência nº [1029],1-43.bin,0,1,Incorreta,1710560
Inferência nº [1030],0.01.bin,0,0,Correta,18479890
Inferência nº [1031],4-69.bin,0,4,Incorreta,1704850
Inferência nº [1032],6-49.bin,6,6,Correta,18439310
Inferência nº [1033],0.123.bin,0,0,Correta,1703770
Inferência nº [1034],5-173.bin,3,5,Incorreta,18476940
Inferência nº [1035],7-49.bin,0,7,Incorreta,1715520
Inferência nº [1036],1-42.bin,1,1,Correta,18451250
Inferência nº [1037],9-179.bin,0,9,Incorreta,1709480
Inferência nº [1038],0.120.bin,0,0,Correta,18488480
Inferência nº [1039],8-184.bin,0,8,Incorreta,1791860
Inferência nº [1040],6-173.bin,6,6,Correta,18447330
Inferência nº [1041],2-82.bin,0,2,Incorreta,1711580
Inferência nº [1042],3-198.bin,8,3,Incorreta,18479720
Inferência nº [1043],5-49.bin,0,5,Incorreta,1719200
Inferência nº [1044],8-167.bin,8,8,Correta,18446280
Inferência nº [1045],5-45.bin,0,5,Incorreta,1711390
Inferência nº [1046],5-17.bin,8,5,Incorreta,18478940
Inferência nº [1047],8-179.bin,0,8,Incorreta,1717710
Inferência nº [1048],2-98.bin,2,2,Correta,18448180
Inferência nº [1049],6-129.bin,0,6,Incorreta,1712360
Inferência nº [1050],3-62.bin,4,3,Incorreta,18510180
Inferência nº [1051],3-80.bin,0,3,Incorreta,2031720
Inferência nº [1052],8-115.bin,8,8,Correta,18960560
Inferência nº [1053],8-154.bin,0,8,Incorreta,1714500
Inferência nº [1054],0.110.bin,8,0,Incorreta,18504230
Inferência nº [1055],5-35.bin,0,5,Incorreta,1745330
Inferência nº [1056],8-99.bin,2,8,Incorreta,18454160
Inferência nº [1057],0.95.bin,0,0,Correta,1737730
Inferência nº [1058],9-169.bin,9,9,Correta,18502270
Inferência nº [1059],7-121.bin,0,7,Incorreta,1752850
Inferência nº [1060],7-133.bin,7,7,Correta,18443810
Inferência nº [1061],5-79.bin,0,5,Incorreta,1713680
Inferência nº [1062],2-115.bin,2,2,Correta,18485060
Inferência nº [1063],1-183.bin,0,1,Incorreta,1716260
Inferência nº [1064],3-97.bin,3,3,Correta,18442630
Inferência nº [1065],7-183.bin,0,7,Incorreta,1702090
Inferência nº [1066],0.20.bin,0,0,Correta,18472370
Inferência nº [1067],3-152.bin,0,3,Incorreta,1716760
Inferência nº [1068],0.100.bin,8,0,Incorreta,18478060
Inferência nº [1069],0.57.bin,0,0,Correta,1817910
Inferência nº [1070],9-171.bin,9,9,Correta,18446570
Inferência nº [1071],5-121.bin,0,5,Incorreta,1712680
Inferência nº [1072],9-76.bin,9,9,Correta,18482210
Inferência nº [1073],9-33.bin,0,9,Incorreta,1719410
Inferência nº [1074],0.52.bin,0,0,Correta,18444770
Inferência nº [1075],0.05.bin,0,0,Correta,1701110
Inferência nº [1076],3-181.bin,8,3,Incorreta,18472390
Inferência nº [1077],6-75.bin,0,6,Incorreta,1717040
Inferência nº [1078],4-114.bin,8,4,Incorreta,18471000
Inferência nº [1079],1-32.bin,0,1,Incorreta,1721720
Inferência nº [1080],5-75.bin,8,5,Incorreta,18490750
Inferência nº [1081],7-95.bin,0,7,Incorreta,1717160
Inferência nº [1082],1-33.bin,1,1,Correta,18451350
Inferência nº [1083],7-17.bin,0,7,Incorreta,1716870
Inferência nº [1084],0.03.bin,0,0,Correta,18503000
Inferência nº [1085],4-52.bin,0,4,Incorreta,1703070
Inferência nº [1086],0.141.bin,0,0,Correta,18465330
Inferência nº [1087],5-25.bin,0,5,Incorreta,1714770
Inferência nº [1088],4-196.bin,9,4,Incorreta,18496950
Inferência nº [1089],7-07.bin,0,7,Incorreta,1726210
Inferência nº [1090],3-128.bin,3,3,Correta,18442950
Inferência nº [1091],9-175.bin,0,9,Incorreta,1731320
Inferência nº [1092],1-196.bin,1,1,Correta,18479570
Inferência nº [1093],9-68.bin,0,9,Incorreta,1732080
Inferência nº [1094],7-185.bin,7,7,Correta,18472670
Inferência nº [1095],2-81.bin,0,2,Incorreta,1711900
Inferência nº [1096],4-184.bin,8,4,Incorreta,18479890
Inferência nº [1097],2-38.bin,0,2,Incorreta,1717270
Inferência nº [1098],0.158.bin,0,0,Correta,18443530
Inferência nº [1099],4-09.bin,0,4,Incorreta,1699740
Inferência nº [1100],4-163.bin,8,4,Incorreta,18477110
Inferência nº [1101],0.173.bin,0,0,Correta,1716560
Inferência nº [1102],9-84.bin,8,9,Incorreta,18450940
Inferência nº [1103],1-99.bin,0,1,Incorreta,1725680
Inferência nº [1104],4-101.bin,8,4,Incorreta,18489150
Inferência nº [1105],7-167.bin,0,7,Incorreta,1713160
Inferência nº [1106],8-86.bin,8,8,Correta,18449470
Inferência nº [1107],6-15.bin,0,6,Incorreta,1713130
Inferência nº [1108],6-05.bin,8,6,Incorreta,18480810
Inferência nº [1109],3-22.bin,0,3,Incorreta,1713280
Inferência nº [1110],8-153.bin,8,8,Correta,18445610
Inferência nº [1111],8-88.bin,0,8,Incorreta,1703920
Inferência nº [1112],1-130.bin,1,1,Correta,18476430
Inferência nº [1113],4-10.bin,0,4,Incorreta,1717820
Inferência nº [1114],0.81.bin,0,0,Correta,18451360
Inferência nº [1115],2-129.bin,0,2,Incorreta,1711730
Inferência nº [1116],8-164.bin,8,8,Correta,18477780
Inferência nº [1117],8-151.bin,0,8,Incorreta,1703180
Inferência nº [1118],8-91.bin,8,8,Correta,18440800
Inferência nº [1119],6-86.bin,0,6,Incorreta,1703080
Inferência nº [1120],4-134.bin,4,4,Correta,18497790
Inferência nº [1121],8-123.bin,0,8,Incorreta,1717620
Inferência nº [1122],4-92.bin,8,4,Incorreta,18464510
Inferência nº [1123],7-44.bin,0,7,Incorreta,1708090
Inferência nº [1124],1-92.bin,1,1,Correta,18491240
Inferência nº [1125],8-183.bin,0,8,Incorreta,1736820
Inferência nº [1126],9-62.bin,8,9,Incorreta,18446690
Inferência nº [1127],4-174.bin,0,4,Incorreta,1727940
Inferência nº [1128],8-50.bin,2,8,Incorreta,18477110
Inferência nº [1129],9-44.bin,0,9,Incorreta,1735110
Inferência nº [1130],8-38.bin,8,8,Correta,18449820
Inferência nº [1131],6-24.bin,0,6,Incorreta,1711070
Inferência nº [1132],9-196.bin,9,9,Correta,18480060
Inferência nº [1133],2-84.bin,0,2,Incorreta,1715800
Inferência nº [1134],7-156.bin,7,7,Correta,18450530
Inferência nº [1135],1-117.bin,0,1,Incorreta,1716480
Inferência nº [1136],1-89.bin,8,1,Incorreta,18483020
Inferência nº [1137],5-141.bin,0,5,Incorreta,1706800
Inferência nº [1138],8-150.bin,8,8,Correta,18435380
Inferência nº [1139],8-147.bin,0,8,Incorreta,1704840
Inferência nº [1140],0.04.bin,0,0,Correta,18504790
Inferência nº [1141],3-40.bin,0,3,Incorreta,1711970
Inferência nº [1142],9-143.bin,9,9,Correta,18870590
Inferência nº [1143],8-129.bin,0,8,Incorreta,1717250
Inferência nº [1144],3-120.bin,8,3,Incorreta,18483290
Inferência nº [1145],6-107.bin,0,6,Incorreta,1724010
Inferência nº [1146],9-122.bin,2,9,Incorreta,18450930
Inferência nº [1147],6-128.bin,0,6,Incorreta,1711490
Inferência nº [1148],5-200.bin,8,5,Incorreta,18478790
Inferência nº [1149],5-10.bin,0,5,Incorreta,1704870
Inferência nº [1150],5-178.bin,3,5,Incorreta,18438520
Inferência nº [1151],6-195.bin,0,6,Incorreta,1702020
Inferência nº [1152],2-45.bin,2,2,Correta,18484510
Inferência nº [1153],4-86.bin,0,4,Incorreta,1716480
Inferência nº [1154],6-44.bin,8,6,Incorreta,18487200
Inferência nº [1155],7-61.bin,0,7,Incorreta,1706800
Inferência nº [1156],3-65.bin,8,3,Incorreta,18501860
Inferência nº [1157],8-19.bin,0,8,Incorreta,1716220
Inferência nº [1158],6-168.bin,6,6,Correta,18470260
Inferência nº [1159],4-38.bin,0,4,Incorreta,1724950
Inferência nº [1160],7-136.bin,7,7,Correta,18487140
Inferência nº [1161],6-01.bin,0,6,Incorreta,1823520
Inferência nº [1162],8-51.bin,8,8,Correta,18447630
Inferência nº [1163],4-73.bin,0,4,Incorreta,1727100
Inferência nº [1164],0.11.bin,8,0,Incorreta,18499540
Inferência nº [1165],3-75.bin,0,3,Incorreta,1714160
Inferência nº [1166],0.92.bin,0,0,Correta,18454130
Inferência nº [1167],3-140.bin,0,3,Incorreta,1701570
Inferência nº [1168],4-60.bin,4,4,Correta,18474060
Inferência nº [1169],0.137.bin,0,0,Correta,1719770
Inferência nº [1170],8-166.bin,8,8,Correta,18450280
Inferência nº [1171],6-06.bin,0,6,Incorreta,1713130
Inferência nº [1172],8-07.bin,8,8,Correta,18481460
Inferência nº [1173],3-69.bin,0,3,Incorreta,1704910
Inferência nº [1174],2-77.bin,2,2,Correta,18441390
Inferência nº [1175],5-128.bin,0,5,Incorreta,1702300
Inferência nº [1176],0.169.bin,0,0,Correta,18472710
Inferência nº [1177],5-54.bin,0,5,Incorreta,1714530
Inferência nº [1178],6-121.bin,6,6,Correta,18451250
Inferência nº [1179],0.08.bin,0,0,Correta,1712290
Inferência nº [1180],5-165.bin,3,5,Incorreta,18483470
Inferência nº [1181],6-106.bin,0,6,Incorreta,1704250
Inferência nº [1182],3-189.bin,3,3,Correta,18438800
Inferência nº [1183],2-49.bin,0,2,Incorreta,1705630
Inferência nº [1184],3-02.bin,3,3,Correta,18477210
Inferência nº [1185],1-162.bin,0,1,Incorreta,1714980
Inferência nº [1186],4-79.bin,4,4,Correta,18449700
Inferência nº [1187],8-176.bin,0,8,Incorreta,1713050
Inferência nº [1188],0.54.bin,0,0,Correta,18479350
Inferência nº [1189],0.164.bin,0,0,Correta,1707200
Inferência nº [1190],8-83.bin,8,8,Correta,18460880
Inferência nº [1191],2-32.bin,0,2,Incorreta,1701020
Inferência nº [1192],7-157.bin,7,7,Correta,18493520
Inferência nº [1193],6-12.bin,0,6,Incorreta,1711940
Inferência nº [1194],1-149.bin,1,1,Correta,18467680
Inferência nº [1195],2-40.bin,0,2,Incorreta,1722800
Inferência nº [1196],6-158.bin,6,6,Correta,18477000
Inferência nº [1197],2-103.bin,0,2,Incorreta,1739220
Inferência nº [1198],5-34.bin,5,5,Correta,18627230
Inferência nº [1199],5-139.bin,0,5,Incorreta,1738630
Inferência nº [1200],0.12.bin,0,0,Correta,18504600
Inferência nº [1201],3-78.bin,0,3,Incorreta,1718600
Inferência nº [1202],7-41.bin,7,7,Correta,18455900
Inferência nº [1203],7-110.bin,0,7,Incorreta,1712230
Inferência nº [1204],7-80.bin,7,7,Correta,18486050
Inferência nº [1205],4-83.bin,0,4,Incorreta,1712670
Inferência nº [1206],5-133.bin,8,5,Incorreta,18440210
Inferência nº [1207],0.134.bin,0,0,Correta,1715400
Inferência nº [1208],2-53.bin,2,2,Correta,18480470
Inferência nº [1209],1-172.bin,0,1,Incorreta,1712580
Inferência nº [1210],2-80.bin,2,2,Correta,18444370
Inferência nº [1211],2-174.bin,0,2,Incorreta,1702730
Inferência nº [1212],1-151.bin,1,1,Correta,18472350
Inferência nº [1213],3-141.bin,0,3,Incorreta,1714900
Inferência nº [1214],8-108.bin,8,8,Correta,18451360
Inferência nº [1215],8-101.bin,0,8,Incorreta,1713240
Inferência nº [1216],1-40.bin,1,1,Correta,18478710
Inferência nº [1217],7-55.bin,0,7,Incorreta,1712870
Inferência nº [1218],9-43.bin,9,9,Correta,18445980
Inferência nº [1219],6-72.bin,0,6,Incorreta,1698900
Inferência nº [1220],6-141.bin,6,6,Correta,18469760
Inferência nº [1221],7-186.bin,0,7,Incorreta,1718760
Inferência nº [1222],1-62.bin,1,1,Correta,18448940
Inferência nº [1223],2-187.bin,0,2,Incorreta,1712750
Inferência nº [1224],5-131.bin,5,5,Correta,18481610
Inferência nº [1225],3-72.bin,0,3,Incorreta,1706330
Inferência nº [1226],3-91.bin,3,3,Correta,18458450
Inferência nº [1227],0.22.bin,0,0,Correta,1701110
Inferência nº [1228],5-136.bin,8,5,Incorreta,18497870
Inferência nº [1229],1-75.bin,0,1,Incorreta,1714300
Inferência nº [1230],8-140.bin,8,8,Correta,18488560
Inferência nº [1231],8-55.bin,0,8,Incorreta,1736170
Inferência nº [1232],1-39.bin,1,1,Correta,18479920
Inferência nº [1233],5-16.bin,0,5,Incorreta,1741020
Inferência nº [1234],7-29.bin,8,7,Incorreta,18445310
Inferência nº [1235],1-138.bin,0,1,Incorreta,1727220
Inferência nº [1236],9-133.bin,9,9,Correta,18500520
Inferência nº [1237],0.148.bin,0,0,Correta,1714010
Inferência nº [1238],1-145.bin,1,1,Correta,18441480
Inferência nº [1239],1-187.bin,0,1,Incorreta,1701170
Inferência nº [1240],6-190.bin,8,6,Incorreta,18527220
Inferência nº [1241],7-118.bin,0,7,Incorreta,1712090
Inferência nº [1242],1-107.bin,8,1,Incorreta,18463470
Inferência nº [1243],8-144.bin,0,8,Incorreta,1704580
Inferência nº [1244],3-89.bin,3,3,Correta,18480400
Inferência nº [1245],9-01.bin,0,9,Incorreta,1717880
Inferência nº [1246],8-81.bin,8,8,Correta,18451030
Inferência nº [1247],2-54.bin,0,2,Incorreta,1710230
Inferência nº [1248],3-123.bin,3,3,Correta,18478810
Inferência nº [1249],5-100.bin,0,5,Incorreta,1706760
Inferência nº [1250],2-198.bin,2,2,Correta,18460740
Inferência nº [1251],9-131.bin,0,9,Incorreta,1718780
Inferência nº [1252],2-70.bin,2,2,Correta,18488240
Inferência nº [1253],8-08.bin,0,8,Incorreta,1706620
Inferência nº [1254],4-41.bin,8,4,Incorreta,18442320
Inferência nº [1255],2-164.bin,0,2,Incorreta,1711890
Inferência nº [1256],0.93.bin,6,0,Incorreta,18483800
Inferência nº [1257],8-180.bin,0,8,Incorreta,1714850
Inferência nº [1258],2-143.bin,2,2,Correta,18449150
Inferência nº [1259],1-21.bin,0,1,Incorreta,1711180
Inferência nº [1260],5-158.bin,3,5,Incorreta,18473380
Inferência nº [1261],5-161.bin,0,5,Incorreta,1713270
Inferência nº [1262],7-179.bin,8,7,Incorreta,18470620
Inferência nº [1263],3-119.bin,0,3,Incorreta,1713870
Inferência nº [1264],8-142.bin,8,8,Correta,18496780
Inferência nº [1265],5-172.bin,0,5,Incorreta,1702710
Inferência nº [1266],5-23.bin,7,5,Incorreta,18457390
Inferência nº [1267],0.94.bin,0,0,Correta,1728710
Inferência nº [1268],1-131.bin,1,1,Correta,18477940
Inferência nº [1269],6-109.bin,0,6,Incorreta,1734590
Inferência nº [1270],3-116.bin,1,3,Incorreta,18439700
Inferência nº [1271],5-104.bin,0,5,Incorreta,1727360
Inferência nº [1272],9-15.bin,9,9,Correta,18478720
Inferência nº [1273],3-03.bin,0,3,Incorreta,1717070
Inferência nº [1274],1-70.bin,8,1,Incorreta,18441430
Inferência nº [1275],1-147.bin,0,1,Incorreta,1699000
Inferência nº [1276],4-46.bin,4,4,Correta,18475950
Inferência nº [1277],3-88.bin,0,3,Incorreta,1713650
Inferência nº [1278],2-97.bin,2,2,Correta,18451240
Inferência nº [1279],2-56.bin,0,2,Incorreta,1713210
Inferência nº [1280],3-185.bin,3,3,Correta,18486130
Inferência nº [1281],4-93.bin,0,4,Incorreta,1706750
Inferência nº [1282],0.188.bin,0,0,Correta,18436250
Inferência nº [1283],3-171.bin,0,3,Incorreta,1701890
Inferência nº [1284],2-89.bin,2,2,Correta,18487370
Inferência nº [1285],4-04.bin,0,4,Incorreta,1799590
Inferência nº [1286],1-76.bin,1,1,Correta,18451290
Inferência nº [1287],3-50.bin,0,3,Incorreta,1715180
Inferência nº [1288],8-70.bin,8,8,Correta,18479050
Inferência nº [1289],4-180.bin,0,4,Incorreta,1704430
Inferência nº [1290],1-194.bin,1,1,Correta,18436210
Inferência nº [1291],1-23.bin,0,1,Incorreta,1700330
Inferência nº [1292],8-188.bin,8,8,Correta,18467920
Inferência nº [1293],8-118.bin,0,8,Incorreta,1715740
Inferência nº [1294],8-48.bin,8,8,Correta,18451050
Inferência nº [1295],2-34.bin,0,2,Incorreta,1712890
Inferência nº [1296],1-85.bin,1,1,Correta,18478080
Inferência nº [1297],9-190.bin,0,9,Incorreta,1706460
Inferência nº [1298],2-124.bin,8,2,Incorreta,18462540
Inferência nº [1299],5-110.bin,0,5,Incorreta,1701490
Inferência nº [1300],2-58.bin,2,2,Correta,18513130
Inferência nº [1301],5-113.bin,0,5,Incorreta,1709510
Inferência nº [1302],9-71.bin,9,9,Correta,18460100
Inferência nº [1303],3-190.bin,0,3,Incorreta,1733020
Inferência nº [1304],8-32.bin,8,8,Correta,18484370
Inferência nº [1305],9-46.bin,0,9,Incorreta,1752510
Inferência nº [1306],7-122.bin,7,7,Correta,18439460
Inferência nº [1307],3-20.bin,0,3,Incorreta,1730880
Inferência nº [1308],5-183.bin,5,5,Correta,18507160
Inferência nº [1309],9-188.bin,0,9,Incorreta,1704920
Inferência nº [1310],0.172.bin,0,0,Correta,18438540
Inferência nº [1311],4-159.bin,0,4,Incorreta,1705190
Inferência nº [1312],9-162.bin,9,9,Correta,18478850
Inferência nº [1313],6-43.bin,0,6,Incorreta,1714480
Inferência nº [1314],5-114.bin,3,5,Incorreta,18449630
Inferência nº [1315],0.76.bin,0,0,Correta,1710960
Inferência nº [1316],4-185.bin,4,4,Correta,18477450
Inferência nº [1317],5-148.bin,0,5,Incorreta,1705460
Inferência nº [1318],7-32.bin,7,7,Correta,18440540
Inferência nº [1319],8-171.bin,0,8,Incorreta,1703070
Inferência nº [1320],3-109.bin,8,3,Incorreta,18477880
Inferência nº [1321],7-21.bin,0,7,Incorreta,1715500
Inferência nº [1322],6-163.bin,8,6,Incorreta,18448930
Inferência nº [1323],3-13.bin,0,3,Incorreta,1711470
Inferência nº [1324],3-07.bin,3,3,Correta,18477500
Inferência nº [1325],5-27.bin,0,5,Incorreta,1706810
Inferência nº [1326],3-183.bin,3,3,Correta,18437700
Inferência nº [1327],2-42.bin,0,2,Incorreta,1701420
Inferência nº [1328],5-169.bin,8,5,Incorreta,18486380
Inferência nº [1329],8-119.bin,0,8,Incorreta,1715470
Inferência nº [1330],4-115.bin,4,4,Correta,18451710
Inferência nº [1331],3-132.bin,0,3,Incorreta,1712420
Inferência nº [1332],2-23.bin,2,2,Correta,18485610
Inferência nº [1333],7-13.bin,0,7,Incorreta,1714540
Inferência nº [1334],9-97.bin,9,9,Correta,18494050
Inferência nº [1335],5-57.bin,0,5,Incorreta,1716270
Inferência nº [1336],3-117.bin,8,3,Incorreta,18503300
Inferência nº [1337],7-164.bin,0,7,Incorreta,1717050
Inferência nº [1338],2-181.bin,2,2,Correta,18466290
Inferência nº [1339],3-192.bin,0,3,Incorreta,1735490
Inferência nº [1340],7-131.bin,7,7,Correta,18474080
Inferência nº [1341],3-26.bin,0,3,Incorreta,1738080
Inferência nº [1342],6-82.bin,8,6,Incorreta,18450550
Inferência nº [1343],4-121.bin,0,4,Incorreta,1736000
Inferência nº [1344],9-81.bin,8,9,Incorreta,18475320
Inferência nº [1345],5-33.bin,0,5,Incorreta,1713990
Inferência nº [1346],0.90.bin,0,0,Correta,18450630
Inferência nº [1347],8-11.bin,0,8,Incorreta,1711520
Inferência nº [1348],3-96.bin,3,3,Correta,18479210
Inferência nº [1349],9-23.bin,0,9,Incorreta,1707440
Inferência nº [1350],8-174.bin,8,8,Correta,18437040
Inferência nº [1351],6-200.bin,0,6,Incorreta,1701920
Inferência nº [1352],5-14.bin,8,5,Incorreta,18467770
Inferência nº [1353],8-139.bin,0,8,Incorreta,1718450
Inferência nº [1354],0.45.bin,0,0,Correta,18447520
Inferência nº [1355],8-192.bin,0,8,Incorreta,1713930
Inferência nº [1356],1-01.bin,1,1,Correta,18481380
Inferência nº [1357],0.179.bin,0,0,Correta,1702280
Inferência nº [1358],2-151.bin,2,2,Correta,18442660
Inferência nº [1359],6-188.bin,0,6,Incorreta,1700160
Inferência nº [1360],9-59.bin,9,9,Correta,18472500
Inferência nº [1361],2-155.bin,0,2,Incorreta,1714650
Inferência nº [1362],7-40.bin,9,7,Incorreta,18447330
Inferência nº [1363],8-28.bin,0,8,Incorreta,1715450
Inferência nº [1364],5-137.bin,5,5,Correta,18477670
Inferência nº [1365],5-197.bin,0,5,Incorreta,1710190
Inferência nº [1366],0.109.bin,8,0,Incorreta,18443350
Inferência nº [1367],5-76.bin,0,5,Incorreta,1703000
Inferência nº [1368],9-85.bin,4,9,Incorreta,18471480
Inferência nº [1369],3-85.bin,0,3,Incorreta,1715230
Inferência nº [1370],1-95.bin,1,1,Correta,18468050
Inferência nº [1371],9-154.bin,0,9,Incorreta,1711570
Inferência nº [1372],1-61.bin,1,1,Correta,18495530
Inferência nº [1373],5-89.bin,0,5,Incorreta,1705110
Inferência nº [1374],9-65.bin,9,9,Correta,18476830
Inferência nº [1375],3-143.bin,0,3,Incorreta,1712220
Inferência nº [1376],5-124.bin,8,5,Incorreta,18479570
Inferência nº [1377],5-43.bin,0,5,Incorreta,1751130
Inferência nº [1378],9-103.bin,9,9,Correta,18448440
Inferência nº [1379],8-162.bin,0,8,Incorreta,1728820
Inferência nº [1380],6-120.bin,6,6,Correta,18479850
Inferência nº [1381],6-113.bin,0,6,Incorreta,1753300
Inferência nº [1382],0.183.bin,0,0,Correta,18441970
Inferência nº [1383],4-199.bin,0,4,Incorreta,1712840
Inferência nº [1384],1-69.bin,1,1,Correta,18487280
Inferência nº [1385],9-20.bin,0,9,Incorreta,1714010
Inferência nº [1386],7-97.bin,8,7,Incorreta,18444640
Inferência nº [1387],7-147.bin,0,7,Incorreta,1701600
Inferência nº [1388],2-122.bin,4,2,Incorreta,18476190
Inferência nº [1389],2-141.bin,0,2,Incorreta,1719250
Inferência nº [1390],1-199.bin,1,1,Correta,18450520
Inferência nº [1391],7-111.bin,0,7,Incorreta,1714970
Inferência nº [1392],8-194.bin,8,8,Correta,18481470
Inferência nº [1393],6-185.bin,0,6,Incorreta,1704310
Inferência nº [1394],2-126.bin,2,2,Correta,18437380
Inferência nº [1395],8-45.bin,0,8,Incorreta,1701990
Inferência nº [1396],4-06.bin,8,4,Incorreta,18478220
Inferência nº [1397],9-63.bin,0,9,Incorreta,1717560
Inferência nº [1398],3-161.bin,3,3,Correta,18452160
Inferência nº [1399],4-193.bin,0,4,Incorreta,1712540
Inferência nº [1400],7-134.bin,8,7,Incorreta,18477850
Inferência nº [1401],7-100.bin,0,7,Incorreta,1706510
Inferência nº [1402],3-15.bin,3,3,Correta,18437220
Inferência nº [1403],5-90.bin,0,5,Incorreta,1702720
Inferência nº [1404],9-105.bin,9,9,Correta,18476450
Inferência nº [1405],3-29.bin,0,3,Incorreta,1718790
Inferência nº [1406],3-136.bin,8,3,Incorreta,18447890
Inferência nº [1407],0.145.bin,0,0,Correta,1711750
Inferência nº [1408],5-157.bin,8,5,Incorreta,18507860
Inferência nº [1409],6-68.bin,0,6,Incorreta,1792420
Inferência nº [1410],9-40.bin,7,9,Incorreta,18469760
Inferência nº [1411],3-139.bin,0,3,Incorreta,1714610
Inferência nº [1412],9-86.bin,7,9,Incorreta,18479980
Inferência nº [1413],2-28.bin,0,2,Incorreta,1734820
Inferência nº [1414],7-23.bin,8,7,Incorreta,18448300
Inferência nº [1415],1-190.bin,0,1,Incorreta,1737400
Inferência nº [1416],0.101.bin,0,0,Correta,18476630
Inferência nº [1417],5-107.bin,0,5,Incorreta,1727300
Inferência nº [1418],0.154.bin,8,0,Incorreta,18438680
Inferência nº [1419],1-142.bin,0,1,Incorreta,1702940
Inferência nº [1420],1-144.bin,1,1,Correta,18480360
Inferência nº [1421],6-40.bin,0,6,Incorreta,1712360
Inferência nº [1422],0.192.bin,8,0,Incorreta,18448430
Inferência nº [1423],5-189.bin,0,5,Incorreta,1712390
Inferência nº [1424],1-08.bin,1,1,Correta,18479020
Inferência nº [1425],0.15.bin,0,0,Correta,1704910
Inferência nº [1426],4-142.bin,8,4,Incorreta,18439150
Inferência nº [1427],9-47.bin,0,9,Incorreta,1702800
Inferência nº [1428],6-132.bin,8,6,Incorreta,18481260
Inferência nº [1429],1-182.bin,0,1,Incorreta,1719440
Inferência nº [1430],5-81.bin,5,5,Correta,18447770
Inferência nº [1431],2-39.bin,0,2,Incorreta,1710050
Inferência nº [1432],8-110.bin,8,8,Correta,18474070
Inferência nº [1433],5-109.bin,0,5,Incorreta,1717160
Inferência nº [1434],4-108.bin,4,4,Correta,18449400
Inferência nº [1435],2-182.bin,0,2,Incorreta,1711900
Inferência nº [1436],7-177.bin,7,7,Correta,18482280
Inferência nº [1437],5-38.bin,0,5,Incorreta,1702880
Inferência nº [1438],8-80.bin,8,8,Correta,18440260
Inferência nº [1439],1-192.bin,0,1,Incorreta,1704060
Inferência nº [1440],0.43.bin,0,0,Correta,18473440
Inferência nº [1441],7-58.bin,0,7,Incorreta,1716440
Inferência nº [1442],1-97.bin,1,1,Correta,18447930
Inferência nº [1443],5-24.bin,0,5,Incorreta,1713320
Inferência nº [1444],7-26.bin,7,7,Correta,18495100
Inferência nº [1445],8-77.bin,0,8,Incorreta,1704860
Inferência nº [1446],0.50.bin,0,0,Correta,18454610
Inferência nº [1447],8-62.bin,0,8,Incorreta,1710910
Inferência nº [1448],9-09.bin,8,9,Incorreta,18494910
Inferência nº [1449],7-60.bin,0,7,Incorreta,1742230
Inferência nº [1450],7-36.bin,9,7,Incorreta,18439080
Inferência nº [1451],4-05.bin,0,4,Incorreta,1729040
Inferência nº [1452],8-135.bin,8,8,Correta,18480740
Inferência nº [1453],4-61.bin,0,4,Incorreta,1738510
Inferência nº [1454],4-22.bin,9,4,Incorreta,18454260
Inferência nº [1455],1-158.bin,0,1,Incorreta,1704390
Inferência nº [1456],8-74.bin,8,8,Correta,18485760
Inferência nº [1457],5-05.bin,0,5,Incorreta,1715970
Inferência nº [1458],8-42.bin,8,8,Correta,18449530
Inferência nº [1459],3-118.bin,0,3,Incorreta,1712110
Inferência nº [1460],6-93.bin,6,6,Correta,18482770
Inferência nº [1461],7-08.bin,0,7,Incorreta,1703100
Inferência nº [1462],2-52.bin,7,2,Incorreta,18437250
Inferência nº [1463],6-110.bin,0,6,Incorreta,1700070
Inferência nº [1464],7-14.bin,7,7,Correta,18479930
Inferência nº [1465],0.84.bin,0,0,Correta,1716050
Inferência nº [1466],9-170.bin,8,9,Incorreta,18446990
Inferência nº [1467],1-34.bin,0,1,Incorreta,1713370
Inferência nº [1468],1-68.bin,1,1,Correta,18476900
Inferência nº [1469],7-51.bin,0,7,Incorreta,1703050
Inferência nº [1470],6-194.bin,8,6,Incorreta,18440190
Inferência nº [1471],3-92.bin,0,3,Incorreta,1701680
Inferência nº [1472],3-173.bin,3,3,Correta,18467960
Inferência nº [1473],4-132.bin,0,4,Incorreta,1713690
Inferência nº [1474],4-47.bin,4,4,Correta,18451820
Inferência nº [1475],0.06.bin,0,0,Correta,1712490
Inferência nº [1476],0.117.bin,8,0,Incorreta,18481140
Inferência nº [1477],2-121.bin,0,2,Incorreta,1703640
Inferência nº [1478],5-91.bin,5,5,Correta,18443590
Inferência nº [1479],9-64.bin,0,9,Incorreta,1699520
Inferência nº [1480],9-99.bin,9,9,Correta,18492970
Inferência nº [1481],2-50.bin,0,2,Incorreta,1717330
Inferência nº [1482],8-97.bin,8,8,Correta,18469340
Inferência nº [1483],8-106.bin,0,8,Incorreta,1710420
Inferência nº [1484],5-101.bin,5,5,Correta,18497520
Inferência nº [1485],2-85.bin,0,2,Incorreta,1735930
Inferência nº [1486],4-153.bin,8,4,Incorreta,18446160
Inferência nº [1487],3-67.bin,0,3,Incorreta,1737670
Inferência nº [1488],2-96.bin,2,2,Correta,18483830
Inferência nº [1489],8-46.bin,0,8,Incorreta,1737310
Inferência nº [1490],6-54.bin,6,6,Correta,18453760
Inferência nº [1491],5-99.bin,0,5,Incorreta,1715730
Inferência nº [1492],2-173.bin,2,2,Correta,18484930
Inferência nº [1493],2-92.bin,0,2,Incorreta,1703580
Inferência nº [1494],1-25.bin,1,1,Correta,18440510
Inferência nº [1495],7-137.bin,0,7,Incorreta,1713190
Inferência nº [1496],6-84.bin,6,6,Correta,18481150
Inferência nº [1497],7-102.bin,0,7,Incorreta,1715140
Inferência nº [1498],7-129.bin,7,7,Correta,18455280
Inferência nº [1499],4-135.bin,0,4,Incorreta,1701670
Inferência nº [1500],2-74.bin,2,2,Correta,18472780
Inferência nº [1501],3-68.bin,0,3,Incorreta,1718870
Inferência nº [1502],4-148.bin,4,4,Correta,18450110
Inferência nº [1503],2-175.bin,0,2,Incorreta,1713510
Inferência nº [1504],4-100.bin,4,4,Correta,18477900
Inferência nº [1505],7-130.bin,0,7,Incorreta,1707420
Inferência nº [1506],1-111.bin,3,1,Incorreta,18442630
Inferência nº [1507],6-80.bin,0,6,Incorreta,1700870
Inferência nº [1508],4-37.bin,9,4,Incorreta,18468880
Inferência nº [1509],3-130.bin,0,3,Incorreta,1714640
Inferência nº [1510],2-102.bin,2,2,Correta,18448580
Inferência nº [1511],4-70.bin,0,4,Incorreta,1711700
Inferência nº [1512],6-150.bin,8,6,Incorreta,18483390
Inferência nº [1513],7-174.bin,0,7,Incorreta,1704050
Inferência nº [1514],9-125.bin,8,9,Incorreta,18455420
Inferência nº [1515],2-106.bin,0,2,Incorreta,1706540
Inferência nº [1516],5-191.bin,5,5,Correta,18496270
Inferência nº [1517],9-37.bin,0,9,Incorreta,1713140
Inferência nº [1518],2-119.bin,2,2,Correta,18472130
Inferência nº [1519],6-140.bin,0,6,Incorreta,1725260
Inferência nº [1520],7-148.bin,8,7,Incorreta,18474980
Inferência nº [1521],1-198.bin,0,1,Incorreta,1739490
Inferência nº [1522],9-80.bin,9,9,Correta,18447950
Inferência nº [1523],3-56.bin,0,3,Incorreta,1728220
Inferência nº [1524],3-186.bin,3,3,Correta,18497320
Inferência nº [1525],6-60.bin,0,6,Incorreta,1712900
Inferência nº [1526],7-168.bin,8,7,Incorreta,18452920
Inferência nº [1527],7-109.bin,0,7,Incorreta,1710790
Inferência nº [1528],3-114.bin,8,3,Incorreta,18487860
Inferência nº [1529],8-138.bin,0,8,Incorreta,1723720
Inferência nº [1530],0.34.bin,0,0,Correta,18451300
Inferência nº [1531],7-112.bin,0,7,Incorreta,1728370
Inferência nº [1532],9-149.bin,3,9,Incorreta,18500930
Inferência nº [1533],3-53.bin,0,3,Incorreta,1801380
Inferência nº [1534],2-195.bin,8,2,Incorreta,18444980
Inferência nº [1535],4-112.bin,0,4,Incorreta,1713300
Inferência nº [1536],2-192.bin,8,2,Incorreta,18486080
Inferência nº [1537],2-24.bin,0,2,Incorreta,1715240
Inferência nº [1538],5-96.bin,8,5,Incorreta,18444830
Inferência nº [1539],6-89.bin,0,6,Incorreta,1706300
Inferência nº [1540],2-120.bin,3,2,Incorreta,18471040
Inferência nº [1541],9-155.bin,0,9,Incorreta,1716400
Inferência nº [1542],6-122.bin,6,6,Correta,18448320
Inferência nº [1543],3-05.bin,0,3,Incorreta,1715890
Inferência nº [1544],9-126.bin,9,9,Correta,18478450
Inferência nº [1545],8-102.bin,0,8,Incorreta,1704940
Inferência nº [1546],0.136.bin,0,0,Correta,18440210
Inferência nº [1547],1-11.bin,0,1,Incorreta,1702030
Inferência nº [1548],2-125.bin,2,2,Correta,18493600
Inferência nº [1549],5-61.bin,0,5,Incorreta,1712940
Inferência nº [1550],2-137.bin,8,2,Incorreta,18470740
Inferência nº [1551],3-100.bin,0,3,Incorreta,1708740
Inferência nº [1552],8-116.bin,8,8,Correta,18493730
Inferência nº [1553],6-36.bin,0,6,Incorreta,1719530
Inferência nº [1554],1-71.bin,1,1,Correta,18451790
Inferência nº [1555],3-19.bin,0,3,Incorreta,1730890
Inferência nº [1556],9-183.bin,9,9,Correta,18466550
Inferência nº [1557],6-174.bin,0,6,Incorreta,1745000
Inferência nº [1558],9-158.bin,9,9,Correta,18447180
Inferência nº [1559],2-08.bin,0,2,Incorreta,1734140
Inferência nº [1560],3-101.bin,8,3,Incorreta,18470810
Inferência nº [1561],7-171.bin,0,7,Incorreta,1716650
Inferência nº [1562],2-162.bin,2,2,Correta,18450210
Inferência nº [1563],7-90.bin,0,7,Incorreta,1711770
Inferência nº [1564],8-163.bin,1,8,Incorreta,18483780
Inferência nº [1565],7-85.bin,0,7,Incorreta,1706100
Inferência nº [1566],3-74.bin,3,3,Correta,18437790
Inferência nº [1567],7-33.bin,0,7,Incorreta,1707340
Inferência nº [1568],3-197.bin,8,3,Incorreta,18474820
Inferência nº [1569],2-105.bin,0,2,Incorreta,1717240
Inferência nº [1570],2-19.bin,8,2,Incorreta,18451950
Inferência nº [1571],1-146.bin,0,1,Incorreta,1713640
Inferência nº [1572],5-190.bin,5,5,Correta,18479170
Inferência nº [1573],9-66.bin,0,9,Incorreta,1705430
Inferência nº [1574],0.118.bin,0,0,Correta,18443040
Inferência nº [1575],0.197.bin,0,0,Correta,1700760
Inferência nº [1576],9-197.bin,9,9,Correta,18480670
Inferência nº [1577],8-143.bin,0,8,Incorreta,1713430
Inferência nº [1578],5-146.bin,8,5,Incorreta,18453660
Inferência nº [1579],8-136.bin,0,8,Incorreta,1710580
Inferência nº [1580],2-107.bin,8,2,Incorreta,18479810
Inferência nº [1581],5-94.bin,0,5,Incorreta,1708010
Inferência nº [1582],0.151.bin,0,0,Correta,18441870
Inferência nº [1583],9-189.bin,0,9,Incorreta,1711750
Inferência nº [1584],0.121.bin,8,0,Incorreta,18479130
Inferência nº [1585],0.133.bin,0,0,Correta,1716070
Inferência nº [1586],1-17.bin,1,1,Correta,18469820
Inferência nº [1587],7-141.bin,0,7,Incorreta,1701620
Inferência nº [1588],1-140.bin,1,1,Correta,18497220
Inferência nº [1589],9-177.bin,0,9,Incorreta,1711910
Inferência nº [1590],1-37.bin,1,1,Correta,18470500
Inferência nº [1591],8-134.bin,0,8,Incorreta,1746980
Inferência nº [1592],4-128.bin,4,4,Correta,18484940
Inferência nº [1593],5-18.bin,0,5,Incorreta,1734880
Inferência nº [1594],4-24.bin,4,4,Correta,18438120
Inferência nº [1595],5-70.bin,0,5,Incorreta,1725780
Inferência nº [1596],0.191.bin,0,0,Correta,18480990
Inferência nº [1597],7-173.bin,0,7,Incorreta,1714390
Inferência nº [1598],7-105.bin,7,7,Correta,18446670
Inferência nº [1599],8-72.bin,0,8,Incorreta,1711700
Inferência nº [1600],4-02.bin,8,4,Incorreta,18481280
Inferência nº [1601],4-56.bin,0,4,Incorreta,1713660
Inferência nº [1602],8-98.bin,8,8,Correta,18464800
Inferência nº [1603],2-153.bin,0,2,Incorreta,1713290
Inferência nº [1604],4-109.bin,4,4,Correta,18482160
Inferência nº [1605],6-154.bin,0,6,Incorreta,1706210
Inferência nº [1606],5-152.bin,5,5,Correta,18439420
Inferência nº [1607],6-41.bin,0,6,Incorreta,1723640
Inferência nº [1608],1-14.bin,1,1,Correta,18479650
Inferência nº [1609],5-143.bin,0,5,Incorreta,1722090
Inferência nº [1610],0.165.bin,2,0,Incorreta,18448870
Inferência nº [1611],5-97.bin,0,5,Incorreta,1714100
Inferência nº [1612],0.60.bin,6,0,Incorreta,18480300
Inferência nº [1613],4-146.bin,0,4,Incorreta,1704890
Inferência nº [1614],3-58.bin,3,3,Correta,18439410
Inferência nº [1615],7-81.bin,0,7,Incorreta,1701040
Inferência nº [1616],3-36.bin,8,3,Incorreta,18478720
Inferência nº [1617],2-158.bin,0,2,Incorreta,1713760
Inferência nº [1618],3-24.bin,8,3,Incorreta,18449150
Inferência nº [1619],5-134.bin,0,5,Incorreta,1714390
Inferência nº [1620],7-160.bin,7,7,Correta,18477150
Inferência nº [1621],5-52.bin,0,5,Incorreta,1703900
Inferência nº [1622],0.156.bin,0,0,Correta,18458890
Inferência nº [1623],9-94.bin,0,9,Incorreta,1711740
Inferência nº [1624],2-180.bin,2,2,Correta,18507670
Inferência nº [1625],6-145.bin,0,6,Incorreta,1704990
Inferência nº [1626],7-190.bin,9,7,Incorreta,18494960
Inferência nº [1627],3-145.bin,0,3,Incorreta,1737910
Inferência nº [1628],9-92.bin,8,9,Incorreta,18481560
Inferência nº [1629],4-186.bin,0,4,Incorreta,1738230
Inferência nº [1630],1-47.bin,1,1,Correta,18451300
Inferência nº [1631],5-115.bin,0,5,Incorreta,1733100
Inferência nº [1632],7-146.bin,7,7,Correta,18493690
Inferência nº [1633],6-172.bin,0,6,Incorreta,1718440
Inferência nº [1634],0.159.bin,0,0,Correta,18449450
Inferência nº [1635],8-39.bin,0,8,Incorreta,1712880
Inferência nº [1636],7-189.bin,7,7,Correta,18479040
Inferência nº [1637],7-145.bin,0,7,Incorreta,1712490
Inferência nº [1638],8-114.bin,8,8,Correta,18457420
Inferência nº [1639],6-149.bin,0,6,Incorreta,1706840
Inferência nº [1640],0.139.bin,0,0,Correta,18490930
Inferência nº [1641],1-72.bin,0,1,Incorreta,1713860
Inferência nº [1642],0.24.bin,0,0,Correta,18445060
Inferência nº [1643],6-02.bin,0,6,Incorreta,1701680
Inferência nº [1644],0.66.bin,8,0,Incorreta,18470100
Inferência nº [1645],5-199.bin,0,5,Incorreta,1716920
Inferência nº [1646],5-103.bin,8,5,Incorreta,18447290
Inferência nº [1647],9-176.bin,0,9,Incorreta,1714810
Inferência nº [1648],7-57.bin,7,7,Correta,18481220
Inferência nº [1649],2-46.bin,0,2,Incorreta,1706530
Inferência nº [1650],3-104.bin,8,3,Incorreta,18438140
Inferência nº [1651],6-127.bin,0,6,Incorreta,1715110
Inferência nº [1652],5-06.bin,4,5,Incorreta,18480770
Inferência nº [1653],5-04.bin,0,5,Incorreta,1714590
Inferência nº [1654],3-156.bin,3,3,Correta,18451000
Inferência nº [1655],6-123.bin,0,6,Incorreta,1710200
Inferência nº [1656],1-82.bin,1,1,Correta,18494920
Inferência nº [1657],9-16.bin,0,9,Incorreta,1796480
Inferência nº [1658],2-197.bin,8,2,Incorreta,18471850
Inferência nº [1659],9-198.bin,0,9,Incorreta,1714970
Inferência nº [1660],6-162.bin,6,6,Correta,18497930
Inferência nº [1661],1-24.bin,0,1,Incorreta,1704680
Inferência nº [1662],5-84.bin,3,5,Incorreta,18469190
Inferência nº [1663],3-144.bin,0,3,Incorreta,1734360
Inferência nº [1664],6-197.bin,6,6,Correta,18482410
Inferência nº [1665],7-18.bin,0,7,Incorreta,1733650
Inferência nº [1666],7-103.bin,8,7,Incorreta,18446590
Inferência nº [1667],6-04.bin,0,6,Incorreta,1734410
Inferência nº [1668],0.103.bin,0,0,Correta,18484330
Inferência nº [1669],5-87.bin,0,5,Incorreta,1704730
Inferência nº [1670],1-30.bin,1,1,Correta,18438990
Inferência nº [1671],4-67.bin,0,4,Incorreta,1707810
Inferência nº [1672],6-144.bin,6,6,Correta,18475100
Inferência nº [1673],0.21.bin,0,0,Correta,1715030
Inferência nº [1674],3-61.bin,3,3,Correta,18449050
Inferência nº [1675],0.114.bin,0,0,Correta,1715860
Inferência nº [1676],7-52.bin,8,7,Incorreta,18481840
Inferência nº [1677],2-156.bin,0,2,Incorreta,1705870
Inferência nº [1678],7-188.bin,7,7,Correta,18439760
Inferência nº [1679],8-85.bin,0,8,Incorreta,1701220
Inferência nº [1680],6-105.bin,6,6,Correta,18477250
Inferência nº [1681],4-166.bin,0,4,Incorreta,1716720
Inferência nº [1682],2-149.bin,2,2,Correta,18510790
Inferência nº [1683],6-35.bin,0,6,Incorreta,1724230
Inferência nº [1684],8-40.bin,8,8,Correta,18490880
Inferência nº [1685],0.163.bin,0,0,Correta,1723790
Inferência nº [1686],1-114.bin,1,1,Correta,18450920
Inferência nº [1687],0.180.bin,0,0,Correta,1713630
Inferência nº [1688],5-32.bin,8,5,Incorreta,18488230
Inferência nº [1689],9-119.bin,0,9,Incorreta,1704210
Inferência nº [1690],4-89.bin,9,4,Incorreta,18438790
Inferência nº [1691],3-121.bin,0,3,Incorreta,1701870
Inferência nº [1692],9-74.bin,7,9,Incorreta,18499110
Inferência nº [1693],0.27.bin,0,0,Correta,1715010
Inferência nº [1694],8-36.bin,8,8,Correta,18471180
Inferência nº [1695],0.190.bin,0,0,Correta,1704200
Inferência nº [1696],0.176.bin,8,0,Incorreta,18494250
Inferência nº [1697],3-138.bin,0,3,Incorreta,1715800
Inferência nº [1698],9-145.bin,9,9,Correta,18449350
Inferência nº [1699],3-82.bin,0,3,Incorreta,1731760
Inferência nº [1700],8-93.bin,8,8,Correta,18477010
Inferência nº [1701],2-145.bin,0,2,Incorreta,1741280
Inferência nº [1702],4-59.bin,4,4,Correta,18452880
Inferência nº [1703],2-64.bin,0,2,Incorreta,1730340
Inferência nº [1704],7-05.bin,2,7,Incorreta,18475590
Inferência nº [1705],7-19.bin,0,7,Incorreta,1715980
Inferência nº [1706],1-88.bin,1,1,Correta,18452910
Inferência nº [1707],1-96.bin,0,1,Incorreta,1712980
Inferência nº [1708],8-132.bin,8,8,Correta,18478500
Inferência nº [1709],1-80.bin,0,1,Incorreta,1709160
Inferência nº [1710],5-77.bin,8,5,Incorreta,18439170
Inferência nº [1711],4-111.bin,0,4,Incorreta,1703000
Inferência nº [1712],7-191.bin,7,7,Correta,18478440
Inferência nº [1713],7-15.bin,0,7,Incorreta,1716430
Inferência nº [1714],2-63.bin,0,2,Incorreta,18452030
Inferência nº [1715],5-163.bin,0,5,Incorreta,1711680
Inferência nº [1716],9-51.bin,9,9,Correta,18484900
Inferência nº [1717],5-71.bin,0,5,Incorreta,1704560
Inferência nº [1718],1-137.bin,1,1,Correta,18438960
Inferência nº [1719],1-51.bin,0,1,Incorreta,1700320
Inferência nº [1720],6-79.bin,6,6,Correta,18483130
Inferência nº [1721],8-63.bin,0,8,Incorreta,1716010
Inferência nº [1722],3-84.bin,3,3,Correta,18447470
Inferência nº [1723],8-52.bin,0,8,Incorreta,1715160
Inferência nº [1724],8-131.bin,8,8,Correta,18480850
Inferência nº [1725],5-179.bin,0,5,Incorreta,1714990
Inferência nº [1726],0.64.bin,6,0,Incorreta,18442350
Inferência nº [1727],5-171.bin,0,5,Incorreta,1714500
Inferência nº [1728],8-29.bin,8,8,Correta,18479800
Inferência nº [1729],2-150.bin,0,2,Incorreta,1713780
Inferência nº [1730],9-113.bin,8,9,Incorreta,18456970
Inferência nº [1731],8-186.bin,0,8,Incorreta,1702450
Inferência nº [1732],5-176.bin,8,5,Incorreta,18492880
Inferência nº [1733],4-27.bin,0,4,Incorreta,1717870
Inferência nº [1734],3-08.bin,3,3,Correta,18465550
Inferência nº [1735],2-194.bin,0,2,Incorreta,1730050
Inferência nº [1736],2-112.bin,2,2,Correta,18470900
Inferência nº [1737],0.70.bin,0,0,Correta,1740540
Inferência nº [1738],3-57.bin,3,3,Correta,18448060
Inferência nº [1739],9-152.bin,0,9,Incorreta,1729180
Inferência nº [1740],6-167.bin,6,6,Correta,18501860
Inferência nº [1741],4-136.bin,0,4,Incorreta,1716690
Inferência nº [1742],1-104.bin,1,1,Correta,18449470
Inferência nº [1743],5-44.bin,0,5,Incorreta,1710280
Inferência nº [1744],5-102.bin,8,5,Incorreta,18456760
Inferência nº [1745],5-20.bin,0,5,Incorreta,1721720
Inferência nº [1746],4-125.bin,4,4,Correta,18450090
Inferência nº [1747],8-73.bin,0,8,Incorreta,1713520
Inferência nº [1748],8-191.bin,8,8,Correta,18478170
Inferência nº [1749],2-184.bin,0,2,Incorreta,1703610
Inferência nº [1750],8-159.bin,8,8,Correta,18440610
Inferência nº [1751],9-28.bin,0,9,Incorreta,1703320
Inferência nº [1752],0.194.bin,0,0,Correta,18466800
Inferência nº [1753],9-36.bin,0,9,Incorreta,1717190
Inferência nº [1754],3-98.bin,3,3,Correta,18449530
Inferência nº [1755],5-15.bin,0,5,Incorreta,1711080
Inferência nº [1756],1-132.bin,1,1,Correta,18479290
Inferência nº [1757],2-113.bin,0,2,Incorreta,1703850
Inferência nº [1758],7-69.bin,3,7,Incorreta,18469430
Inferência nº [1759],4-94.bin,0,4,Incorreta,1703960
Inferência nº [1760],9-102.bin,9,9,Correta,18478960
Inferência nº [1761],2-128.bin,0,2,Incorreta,1720120
Inferência nº [1762],6-38.bin,8,6,Incorreta,18449420
Inferência nº [1763],6-21.bin,0,6,Incorreta,1710550
Inferência nº [1764],9-164.bin,8,9,Incorreta,18479260
Inferência nº [1765],4-147.bin,0,4,Incorreta,1705430
Inferência nº [1766],5-119.bin,8,5,Incorreta,18470200
Inferência nº [1767],3-102.bin,0,3,Incorreta,1712010
Inferência nº [1768],5-63.bin,8,5,Incorreta,18496630
Inferência nº [1769],0.78.bin,0,0,Correta,1710930
Inferência nº [1770],7-25.bin,7,7,Correta,18454200
Inferência nº [1771],6-77.bin,0,6,Incorreta,1731080
Inferência nº [1772],5-58.bin,3,5,Incorreta,18480130
Inferência nº [1773],7-64.bin,0,7,Incorreta,1736640
Inferência nº [1774],9-142.bin,9,9,Correta,18440940
Inferência nº [1775],3-93.bin,0,3,Incorreta,1723420
Inferência nº [1776],7-88.bin,7,7,Correta,18477610
Inferência nº [1777],0.167.bin,0,0,Correta,1715420
Inferência nº [1778],3-99.bin,3,3,Correta,18448900
Inferência nº [1779],6-69.bin,0,6,Incorreta,1710960
Inferência nº [1780],6-111.bin,6,6,Correta,18490450
Inferência nº [1781],7-31.bin,0,7,Incorreta,1792000
Inferência nº [1782],9-52.bin,9,9,Correta,18455740
Inferência nº [1783],2-154.bin,0,2,Incorreta,1718820
Inferência nº [1784],1-103.bin,1,1,Correta,18484860
Inferência nº [1785],8-21.bin,0,8,Incorreta,1709370
Inferência nº [1786],7-10.bin,7,7,Correta,18440350
Inferência nº [1787],2-03.bin,0,2,Incorreta,1702080
Inferência nº [1788],1-54.bin,1,1,Correta,18479580
Inferência nº [1789],3-115.bin,0,3,Incorreta,1717300
Inferência nº [1790],9-174.bin,9,9,Correta,18448090
Inferência nº [1791],9-72.bin,0,9,Incorreta,1709280
Inferência nº [1792],0.80.bin,0,0,Correta,18480940
Inferência nº [1793],1-185.bin,0,1,Incorreta,1704670
Inferência nº [1794],2-43.bin,2,2,Correta,18440900
Inferência nº [1795],3-95.bin,0,3,Incorreta,1711110
Inferência nº [1796],1-44.bin,1,1,Correta,18481770
Inferência nº [1797],5-02.bin,0,5,Incorreta,1713920
Inferência nº [1798],7-46.bin,7,7,Correta,18450030
Inferência nº [1799],9-24.bin,0,9,Incorreta,1715080
Inferência nº [1800],1-03.bin,1,1,Correta,18471060
Inferência nº [1801],4-25.bin,0,4,Incorreta,1715090
Inferência nº [1802],0.61.bin,0,0,Correta,18468560
Inferência nº [1803],9-10.bin,0,9,Incorreta,1713520
Inferência nº [1804],6-160.bin,6,6,Correta,18503700
Inferência nº [1805],8-94.bin,0,8,Incorreta,1703610
Inferência nº [1806],5-144.bin,5,5,Correta,18467450
Inferência nº [1807],6-63.bin,0,6,Incorreta,1730950
Inferência nº [1808],8-160.bin,8,8,Correta,18478760
Inferência nº [1809],4-82.bin,0,4,Incorreta,1725570
Inferência nº [1810],6-181.bin,8,6,Incorreta,18441210
Inferência nº [1811],2-101.bin,0,2,Incorreta,1729960
Inferência nº [1812],2-30.bin,2,2,Correta,18479010
Inferência nº [1813],3-193.bin,0,3,Incorreta,1708380
Inferência nº [1814],3-01.bin,6,3,Incorreta,18435640
Inferência nº [1815],2-189.bin,0,2,Incorreta,1701030
Inferência nº [1816],1-105.bin,1,1,Correta,18476940
Inferência nº [1817],9-118.bin,0,9,Incorreta,1713910
Inferência nº [1818],3-126.bin,3,3,Correta,18448350
Inferência nº [1819],8-145.bin,0,8,Incorreta,1712580
Inferência nº [1820],9-48.bin,9,9,Correta,18486400
Inferência nº [1821],2-11.bin,0,2,Incorreta,1703670
Inferência nº [1822],0.14.bin,0,0,Correta,18437810
Inferência nº [1823],0.175.bin,0,0,Correta,1700460
Inferência nº [1824],1-169.bin,1,1,Correta,18474800
Inferência nº [1825],2-134.bin,0,2,Incorreta,1716450
Inferência nº [1826],6-164.bin,6,6,Correta,18462370
Inferência nº [1827],0.125.bin,0,0,Correta,1718790
Inferência nº [1828],9-67.bin,9,9,Correta,18477020
Inferência nº [1829],1-28.bin,0,1,Incorreta,1717210
Inferência nº [1830],0.38.bin,8,0,Incorreta,18450770
Inferência nº [1831],4-36.bin,0,4,Incorreta,1711810
Inferência nº [1832],3-32.bin,2,3,Incorreta,18478340
Inferência nº [1833],0.130.bin,0,0,Correta,1727580
Inferência nº [1834],8-112.bin,8,8,Correta,18449170
Inferência nº [1835],6-192.bin,0,6,Incorreta,1704030
Inferência nº [1836],9-195.bin,8,9,Incorreta,18481560
Inferência nº [1837],0.73.bin,0,0,Correta,1718010
Inferência nº [1838],7-123.bin,8,7,Incorreta,18468610
Inferência nº [1839],4-88.bin,0,4,Incorreta,1709830
Inferência nº [1840],3-169.bin,3,3,Correta,18501050
Inferência nº [1841],6-186.bin,0,6,Incorreta,1717700
Inferência nº [1842],3-162.bin,8,3,Incorreta,18475070
Inferência nº [1843],3-76.bin,0,3,Incorreta,1730090
Inferência nº [1844],8-24.bin,8,8,Correta,18473870
Inferência nº [1845],0.184.bin,0,0,Correta,1738400
Inferência nº [1846],8-71.bin,8,8,Correta,18449140
Inferência nº [1847],0.142.bin,0,0,Correta,1731310
Inferência nº [1848],7-42.bin,7,7,Correta,18480340
Inferência nº [1849],0.37.bin,0,0,Correta,1717010
Inferência nº [1850],4-197.bin,8,4,Incorreta,18452450
Inferência nº [1851],0.55.bin,0,0,Correta,1717450
Inferência nº [1852],6-34.bin,6,6,Correta,18484830
Inferência nº [1853],7-47.bin,0,7,Incorreta,1703790
Inferência nº [1854],0.16.bin,0,0,Correta,18437320
Inferência nº [1855],4-65.bin,0,4,Incorreta,1702350
Inferência nº [1856],0.72.bin,0,0,Correta,18475730
Inferência nº [1857],7-200.bin,0,7,Incorreta,1715300
Inferência nº [1858],2-15.bin,8,2,Incorreta,18451850
Inferência nº [1859],1-109.bin,0,1,Incorreta,1712010
Inferência nº [1860],6-189.bin,6,6,Correta,18477940
Inferência nº [1861],6-133.bin,0,6,Incorreta,1704450
Inferência nº [1862],0.168.bin,0,0,Correta,18440540
Inferência nº [1863],9-185.bin,0,9,Incorreta,1703070
Inferência nº [1864],7-126.bin,7,7,Correta,18478130
Inferência nº [1865],2-109.bin,0,2,Incorreta,1718500
Inferência nº [1866],0.68.bin,0,0,Correta,18449280
Inferência nº [1867],8-35.bin,0,8,Incorreta,1713090
Inferência nº [1868],5-194.bin,3,5,Incorreta,18479140
Inferência nº [1869],6-09.bin,0,6,Incorreta,1702130
Inferência nº [1870],1-184.bin,1,1,Correta,18436220
Inferência nº [1871],7-158.bin,0,7,Incorreta,1702340
Inferência nº [1872],9-91.bin,9,9,Correta,18470860
Inferência nº [1873],1-189.bin,0,1,Incorreta,1714820
Inferência nº [1874],3-176.bin,3,3,Correta,18468200
Inferência nº [1875],0.89.bin,0,0,Correta,1713470
Inferência nº [1876],7-45.bin,7,7,Correta,18513990
Inferência nº [1877],8-198.bin,0,8,Incorreta,1717220
Inferência nº [1878],5-55.bin,5,5,Correta,18468540
Inferência nº [1879],1-157.bin,0,1,Incorreta,1714030
Inferência nº [1880],3-30.bin,2,3,Incorreta,18473690
Inferência nº [1881],1-129.bin,0,1,Incorreta,1738870
Inferência nº [1882],2-01.bin,2,2,Correta,18448740
Inferência nº [1883],9-110.bin,0,9,Incorreta,1747190
Inferência nº [1884],1-123.bin,1,1,Correta,18480460
Inferência nº [1885],5-166.bin,0,5,Incorreta,1740690
Inferência nº [1886],4-127.bin,8,4,Incorreta,18454410
Inferência nº [1887],9-69.bin,0,9,Incorreta,1700790
Inferência nº [1888],6-176.bin,8,6,Incorreta,18475630
Inferência nº [1889],9-173.bin,0,9,Incorreta,1718330
Inferência nº [1890],6-177.bin,6,6,Correta,18448570
Inferência nº [1891],8-185.bin,0,8,Incorreta,1712580
Inferência nº [1892],6-99.bin,8,6,Incorreta,18480230
Inferência nº [1893],9-60.bin,0,9,Incorreta,1713500
Inferência nº [1894],2-04.bin,8,2,Incorreta,18442010
Inferência nº [1895],2-171.bin,0,2,Incorreta,1700880
Inferência nº [1896],7-128.bin,8,7,Incorreta,18470420
Inferência nº [1897],7-66.bin,0,7,Incorreta,1712620
Inferência nº [1898],3-113.bin,3,3,Correta,18447560
Inferência nº [1899],3-122.bin,0,3,Incorreta,1712610
Inferência nº [1900],2-190.bin,2,2,Correta,18484500
Inferência nº [1901],2-131.bin,0,2,Incorreta,1713170
Inferência nº [1902],7-34.bin,2,7,Incorreta,18442250
Inferência nº [1903],1-22.bin,0,1,Incorreta,1702770
Inferência nº [1904],5-187.bin,6,5,Incorreta,18487420
Inferência nº [1905],1-122.bin,0,1,Incorreta,1798740
Inferência nº [1906],3-28.bin,3,3,Correta,18454930
Inferência nº [1907],8-33.bin,0,8,Incorreta,1711480
Inferência nº [1908],1-09.bin,1,1,Correta,18479980
Inferência nº [1909],1-127.bin,0,1,Incorreta,1727900
Inferência nº [1910],9-39.bin,9,9,Correta,18475240
Inferência nº [1911],5-154.bin,0,5,Incorreta,1701470
Inferência nº [1912],5-123.bin,8,5,Incorreta,18500270
Inferência nº [1913],6-08.bin,0,6,Incorreta,1714430
Inferência nº [1914],8-87.bin,8,8,Correta,18472460
Inferência nº [1915],0.155.bin,0,0,Correta,1732920
Inferência nº [1916],8-54.bin,8,8,Correta,18481340
Inferência nº [1917],1-90.bin,0,1,Incorreta,1777580
Inferência nº [1918],6-07.bin,6,6,Correta,18456520
Inferência nº [1919],3-157.bin,0,3,Incorreta,1739650
Inferência nº [1920],1-120.bin,1,1,Correta,18485630
Inferência nº [1921],1-159.bin,0,1,Incorreta,1720140
Inferência nº [1922],6-147.bin,6,6,Correta,18449260
Inferência nº [1923],4-76.bin,0,4,Incorreta,1712330
Inferência nº [1924],1-52.bin,1,1,Correta,18482220
Inferência nº [1925],7-159.bin,0,7,Incorreta,1726790
Inferência nº [1926],7-53.bin,8,7,Incorreta,18451860
Inferência nº [1927],6-91.bin,0,6,Incorreta,1717250
Inferência nº [1928],2-148.bin,6,2,Incorreta,18482460
Inferência nº [1929],7-108.bin,0,7,Incorreta,1705560
Inferência nº [1930],5-26.bin,5,5,Correta,18440020
Inferência nº [1931],4-54.bin,0,4,Incorreta,1704430
Inferência nº [1932],9-57.bin,8,9,Incorreta,18477290
Inferência nº [1933],2-78.bin,0,2,Incorreta,1717020
Inferência nº [1934],1-181.bin,8,1,Incorreta,18449350
Inferência nº [1935],8-178.bin,0,8,Incorreta,1712850
Inferência nº [1936],3-149.bin,8,3,Incorreta,18477680
Inferência nº [1937],7-199.bin,0,7,Incorreta,1700940
Inferência nº [1938],2-66.bin,2,2,Correta,18445250
Inferência nº [1939],4-81.bin,0,4,Incorreta,1701360
Inferência nº [1940],4-15.bin,4,4,Correta,18468850
Inferência nº [1941],9-181.bin,0,9,Incorreta,1719520
Inferência nº [1942],0.147.bin,3,0,Incorreta,18450350
Inferência nº [1943],8-146.bin,0,8,Incorreta,1713400
Inferência nº [1944],6-26.bin,6,6,Correta,18478590
Inferência nº [1945],0.115.bin,0,0,Correta,1702990
Inferência nº [1946],0.87.bin,0,0,Correta,18457420
Inferência nº [1947],6-42.bin,0,6,Incorreta,1701440
Inferência nº [1948],4-40.bin,4,4,Correta,18494050
Inferência nº [1949],2-185.bin,0,2,Incorreta,1712270
Inferência nº [1950],9-159.bin,7,9,Incorreta,18467640
Inferência nº [1951],1-173.bin,0,1,Incorreta,1707970
Inferência nº [1952],7-91.bin,7,7,Correta,18479820
Inferência nº [1953],4-87.bin,0,4,Incorreta,1738340
Inferência nº [1954],0.10.bin,2,0,Incorreta,18447090
Inferência nº [1955],7-38.bin,0,7,Incorreta,1738980
Inferência nº [1956],8-58.bin,8,8,Correta,18469530
Inferência nº [1957],1-153.bin,0,1,Incorreta,1738500
Inferência nº [1958],8-41.bin,8,8,Correta,18449970
Inferência nº [1959],5-68.bin,0,5,Incorreta,1709930
Inferência nº [1960],8-181.bin,8,8,Correta,18481700
Inferência nº [1961],0.49.bin,0,0,Correta,1704940
Inferência nº [1962],7-37.bin,7,7,Correta,18440240
Inferência nº [1963],4-78.bin,0,4,Incorreta,1702440
Inferência nº [1964],9-178.bin,8,9,Incorreta,18478800
Inferência nº [1965],8-14.bin,0,8,Incorreta,1713810
Inferência nº [1966],3-133.bin,3,3,Correta,18452160
Inferência nº [1967],8-61.bin,0,8,Incorreta,1711320
Inferência nº [1968],4-08.bin,4,4,Correta,18478390
Inferência nº [1969],1-168.bin,0,1,Incorreta,1709200
Inferência nº [1970],9-30.bin,9,9,Correta,18440950
Inferência nº [1971],6-37.bin,0,6,Incorreta,1702460
Inferência nº [1972],3-110.bin,3,3,Correta,18479850
Inferência nº [1973],0.128.bin,0,0,Correta,1715210
Inferência nº [1974],9-115.bin,3,9,Incorreta,18448530
Inferência nº [1975],9-03.bin,0,9,Incorreta,1714480
Inferência nº [1976],6-184.bin,6,6,Correta,18480350
Inferência nº [1977],6-169.bin,0,6,Incorreta,1714670
Inferência nº [1978],9-120.bin,8,9,Incorreta,18448170
Inferência nº [1979],6-32.bin,0,6,Incorreta,1711810
Inferência nº [1980],2-93.bin,8,2,Incorreta,18485320
Inferência nº [1981],5-98.bin,0,5,Incorreta,1704880
Inferência nº [1982],5-47.bin,8,5,Incorreta,18440590
Inferência nº [1983],7-127.bin,0,7,Incorreta,1704990
Inferência nº [1984],8-79.bin,2,8,Incorreta,18526280
Inferência nº [1985],7-35.bin,0,7,Incorreta,1717320
Inferência nº [1986],9-96.bin,9,9,Correta,18473940
Inferência nº [1987],9-168.bin,0,9,Incorreta,1702810
Inferência nº [1988],4-172.bin,4,4,Correta,18478180
Inferência nº [1989],0.97.bin,0,0,Correta,1738910
Inferência nº [1990],0.116.bin,0,0,Correta,18446340
Inferência nº [1991],8-02.bin,0,8,Incorreta,1722790
Inferência nº [1992],0.46.bin,8,0,Incorreta,18474350
Inferência nº [1993],5-67.bin,0,5,Incorreta,1749800
Inferência nº [1994],1-50.bin,1,1,Correta,18443630
Inferência nº [1995],3-37.bin,0,3,Incorreta,1699810
Inferência nº [1996],8-65.bin,8,8,Correta,18471340
Inferência nº [1997],6-64.bin,0,6,Incorreta,1718960
Inferência nº [1998],9-107.bin,9,9,Correta,18448250
Inferência nº [1999],9-117.bin,0,9,Incorreta,1711560
Inferência nº [2000],6-108.bin,8,6,Incorreta,18483540

MÉTRICAS BENCHMARK
Total de imagens,Imagens inferidas corretamente,Imagens inferidas incorretamente,Erros ao carregar imagem,Erros ao iniciar inferência,Acurácia,Latência (ns),Throughput (inferencias/s),Desvio padrão (ns)
2000,768,1232,0,0,38.40%,10112016,98.89,8374023
