Nº,Arquivo,Predito,Esperado,Resultado,Latência (ns)
Inferência nº [1],6-139.bin,0,6,Incorreta,1979500
Inferência nº [2],1-113.bin,1,1,Correta,18608090
Inferência nº [3],8-113.bin,0,8,Incorreta,1864570
Inferência nº [4],6-191.bin,3,6,Incorreta,18585240
Inferência nº [5],8-165.bin,0,8,Incorreta,1857650
Inferência nº [6],6-155.bin,3,6,Incorreta,18588650
Inferência nº [7],3-111.bin,0,3,Incorreta,1867050
Inferência nº [8],4-144.bin,8,4,Incorreta,18586360
Inferência nº [9],1-48.bin,0,1,Incorreta,1854130
Inferência nº [10],9-13.bin,9,9,Correta,18580770
Inferência nº [11],5-93.bin,0,5,Incorreta,1837430
Inferência nº [12],5-140.bin,8,5,Incorreta,18540770
Inferência nº [13],2-16.bin,0,2,Incorreta,1838770
Inferência nº [14],8-18.bin,8,8,Correta,18547130
Inferência nº [15],3-45.bin,0,3,Incorreta,1856080
Inferência nº [16],0.25.bin,0,0,Correta,18585730
Inferência nº [17],3-175.bin,0,3,Incorreta,1847860
Inferência nº [18],3-131.bin,3,3,Correta,18609420
Inferência nº [19],9-35.bin,0,9,Incorreta,1845870
Inferência nº [20],6-83.bin,7,6,Incorreta,18573110
Inferência nº [21],6-18.bin,0,6,Incorreta,1879940
Inferência nº [22],7-194.bin,7,7,Correta,18548700
Inferência nº [23],7-196.bin,0,7,Incorreta,1874310
Inferência nº [24],0.51.bin,0,0,Correta,18586490
Inferência nº [25],9-128.bin,0,9,Incorreta,1808770
Inferência nº [26],6-20.bin,6,6,Correta,18551450
Inferência nº [27],5-95.bin,0,5,Incorreta,1846850
Inferência nº [28],4-182.bin,8,4,Incorreta,18581570
Inferência nº [29],2-44.bin,0,2,Incorreta,1846130
Inferência nº [30],5-62.bin,5,5,Correta,18539390
Inferência nº [31],7-99.bin,0,7,Incorreta,1842710
Inferência nº [32],3-200.bin,3,3,Correta,18590840
Inferência nº [33],8-25.bin,0,8,Incorreta,1845690
Inferência nº [34],9-19.bin,8,9,Incorreta,18549030
Inferência nº [35],3-11.bin,0,3,Incorreta,1849540
Inferência nº [36],6-23.bin,0,6,Incorreta,18585460
Inferência nº [37],4-188.bin,0,4,Incorreta,1853680
Inferência nº [38],1-31.bin,1,1,Correta,18548310
Inferência nº [39],4-173.bin,0,4,Incorreta,1854020
Inferência nº [40],4-169.bin,4,4,Correta,18557920
Inferência nº [41],5-13.bin,0,5,Incorreta,1802300
Inferência nº [42],4-157.bin,4,4,Correta,18544800
Inferência nº [43],7-169.bin,0,7,Incorreta,1789880
Inferência nº [44],9-38.bin,9,9,Correta,18606880
Inferência nº [45],9-130.bin,0,9,Incorreta,1714330
Inferência nº [46],1-165.bin,1,1,Correta,18461000
Inferência nº [47],2-108.bin,0,2,Incorreta,1730740
Inferência nº [48],9-78.bin,9,9,Correta,18481420
Inferência nº [49],0.39.bin,0,0,Correta,1741270
Inferência nº [50],2-17.bin,2,2,Correta,18439290
Inferência nº [51],1-78.bin,0,1,Incorreta,1722030
Inferência nº [52],2-33.bin,2,2,Correta,18477380
Inferência nº [53],0.185.bin,0,0,Correta,1719040
Inferência nº [54],8-105.bin,8,8,Correta,18452390
Inferência nº [55],9-146.bin,0,9,Incorreta,1708760
Inferência nº [56],1-94.bin,1,1,Correta,18477010
Inferência nº [57],2-68.bin,0,2,Incorreta,1713460
Inferência nº [58],1-110.bin,1,1,Correta,18438170
Inferência nº [59],1-141.bin,0,1,Incorreta,1711680
Inferência nº [60],7-43.bin,7,7,Correta,18480370
Inferência nº [61],7-151.bin,0,7,Incorreta,1714760
Inferência nº [62],5-196.bin,8,5,Incorreta,18450660
Inferência nº [63],3-16.bin,0,3,Incorreta,1713080
Inferência nº [64],2-95.bin,2,2,Correta,18481560
Inferência nº [65],4-44.bin,0,4,Incorreta,1716250
Inferência nº [66],1-58.bin,1,1,Correta,18449970
Inferência nº [67],1-188.bin,0,1,Incorreta,1712210
Inferência nº [68],6-178.bin,8,6,Incorreta,18479740
Inferência nº [69],6-126.bin,0,6,Incorreta,1714490
Inferência nº [70],4-151.bin,4,4,Correta,18457530
Inferência nº [71],7-28.bin,0,7,Incorreta,1702480
Inferência nº [72],2-133.bin,2,2,Correta,18472680
Inferência nº [73],1-161.bin,0,1,Incorreta,1715250
Inferência nº [74],2-136.bin,2,2,Correta,18453830
Inferência nº [75],4-64.bin,0,4,Incorreta,1711920
Inferência nº [76],3-52.bin,8,3,Incorreta,18477510
Inferência nº [77],3-134.bin,0,3,Incorreta,1716290
Inferência nº [78],3-135.bin,3,3,Correta,18454440
Inferência nº [79],5-120.bin,0,5,Incorreta,1719510
Inferência nº [80],0.77.bin,0,0,Correta,18508650
Inferência nº [81],0.196.bin,0,0,Correta,1713780
Inferência nº [82],6-16.bin,6,6,Correta,18460930
Inferência nº [83],6-52.bin,0,6,Incorreta,1725650
Inferência nº [84],7-67.bin,7,7,Correta,18483510
Inferência nº [85],3-107.bin,0,3,Incorreta,1736080
Inferência nº [86],8-96.bin,8,8,Correta,18441900
Inferência nº [87],3-174.bin,0,3,Incorreta,1723560
Inferência nº [88],4-150.bin,8,4,Incorreta,18477580
Inferência nº [89],4-167.bin,0,4,Incorreta,1737890
Inferência nº [90],2-200.bin,2,2,Correta,18463560
Inferência nº [91],7-39.bin,0,7,Incorreta,1705850
Inferência nº [92],0.178.bin,0,0,Correta,18470610
Inferência nº [93],8-15.bin,0,8,Incorreta,1716070
Inferência nº [94],1-102.bin,1,1,Correta,18451030
Inferência nº [95],1-81.bin,0,1,Incorreta,1713270
Inferência nº [96],9-140.bin,9,9,Correta,18479790
Inferência nº [97],4-75.bin,0,4,Incorreta,1711790
Inferência nº [98],9-88.bin,9,9,Correta,18445760
Inferência nº [99],2-177.bin,0,2,Incorreta,1698810
Inferência nº [100],6-66.bin,6,6,Correta,18471270
Inferência nº [101],0.171.bin,0,0,Correta,1717100
Inferência nº [102],0.36.bin,0,0,Correta,18453950
Inferência nº [103],1-148.bin,0,1,Incorreta,1713700
Inferência nº [104],2-117.bin,8,2,Incorreta,18482570
Inferência nº [105],0.44.bin,0,0,Correta,1705380
Inferência nº [106],1-178.bin,1,1,Correta,18437230
Inferência nº [107],6-70.bin,0,6,Incorreta,1700670
Inferência nº [108],7-176.bin,9,7,Incorreta,18470310
Inferência nº [109],7-113.bin,0,7,Incorreta,1715480
Inferência nº [110],9-50.bin,8,9,Incorreta,18449740
Inferência nº [111],2-57.bin,0,2,Incorreta,1712520
Inferência nº [112],2-178.bin,8,2,Incorreta,18483230
Inferência nº [113],3-60.bin,0,3,Incorreta,1704680
Inferência nº [114],9-32.bin,9,9,Correta,18443380
Inferência nº [115],2-87.bin,0,2,Incorreta,1706630
Inferência nº [116],1-136.bin,1,1,Correta,18495710
Inferência nº [117],8-01.bin,0,8,Incorreta,1716150
Inferência nº [118],4-189.bin,4,4,Correta,18465960
Inferência nº [119],6-90.bin,0,6,Incorreta,1711430
Inferência nº [120],8-175.bin,8,8,Correta,18499760
Inferência nº [121],7-73.bin,0,7,Incorreta,1738280
Inferência nº [122],7-65.bin,7,7,Correta,18452130
Inferência nº [123],3-147.bin,0,3,Incorreta,1729280
Inferência nº [124],7-166.bin,7,7,Correta,18472110
Inferência nº [125],3-195.bin,0,3,Incorreta,1736640
Inferência nº [126],0.83.bin,0,0,Correta,18451750
Inferência nº [127],8-44.bin,0,8,Incorreta,1710190
Inferência nº [128],8-76.bin,8,8,Correta,18478170
Inferência nº [129],0.59.bin,0,0,Correta,1706600
Inferência nº [130],4-123.bin,9,4,Incorreta,18437590
Inferência nº [131],4-116.bin,0,4,Incorreta,1701530
Inferência nº [132],4-35.bin,8,4,Incorreta,18469500
Inferência nº [133],4-28.bin,0,4,Incorreta,1716610
Inferência nº [134],9-82.bin,9,9,Correta,18449500
Inferência nº [135],4-90.bin,0,4,Incorreta,1712410
Inferência nº [136],3-43.bin,2,3,Incorreta,18483740
Inferência nº [137],1-155.bin,0,1,Incorreta,1704440
Inferência nº [138],1-152.bin,1,1,Correta,18443790
Inferência nº [139],9-139.bin,0,9,Incorreta,1699870
Inferência nº [140],1-139.bin,1,1,Correta,18485310
Inferência nº [141],6-96.bin,0,6,Incorreta,1717780
Inferência nº [142],6-196.bin,6,6,Correta,18450510
Inferência nº [143],8-161.bin,0,8,Incorreta,1715330
Inferência nº [144],8-200.bin,8,8,Correta,18479810
Inferência nº [145],7-161.bin,0,7,Incorreta,1703650
Inferência nº [146],8-156.bin,8,8,Correta,18438480
Inferência nº [147],7-143.bin,0,7,Incorreta,1701340
Inferência nº [148],3-87.bin,3,3,Correta,18476240
Inferência nº [149],1-45.bin,0,1,Incorreta,1715540
Inferência nº [150],3-38.bin,3,3,Correta,18453050
Inferência nº [151],8-103.bin,0,8,Incorreta,1713310
Inferência nº [152],8-82.bin,8,8,Correta,18501290
Inferência nº [153],4-30.bin,0,4,Incorreta,1706860
Inferência nº [154],7-101.bin,2,7,Incorreta,18464480
Inferência nº [155],5-182.bin,0,5,Incorreta,1710490
Inferência nº [156],2-118.bin,2,2,Correta,18497230
Inferência nº [157],1-108.bin,0,1,Incorreta,1751360
Inferência nº [158],4-91.bin,9,4,Incorreta,18440430
Inferência nº [159],5-177.bin,0,5,Incorreta,1732530
Inferência nº [160],6-81.bin,6,6,Correta,18480840
Inferência nº [161],2-146.bin,0,2,Incorreta,1737390
Inferência nº [162],4-34.bin,8,4,Incorreta,18438780
Inferência nº [163],2-176.bin,0,2,Incorreta,1702580
Inferência nº [164],9-49.bin,9,9,Correta,18486450
Inferência nº [165],6-148.bin,0,6,Incorreta,1714640
Inferência nº [166],8-149.bin,8,8,Correta,18447650
Inferência nº [167],5-66.bin,0,5,Incorreta,1713650
Inferência nº [168],9-104.bin,7,9,Incorreta,18481520
Inferência nº [169],1-135.bin,0,1,Incorreta,1714290
Inferência nº [170],6-65.bin,6,6,Correta,18440320
Inferência nº [171],6-03.bin,0,6,Incorreta,1714830
Inferência nº [172],5-116.bin,5,5,Correta,18478640
Inferência nº [173],1-67.bin,0,1,Incorreta,1714540
Inferência nº [174],1-156.bin,1,1,Correta,18451020
Inferência nº [175],1-35.bin,0,1,Incorreta,1711650
Inferência nº [176],2-31.bin,2,2,Correta,18477140
Inferência nº [177],6-17.bin,0,6,Incorreta,1704780
Inferência nº [178],6-11.bin,8,6,Incorreta,18442850
Inferência nº [179],5-108.bin,0,5,Incorreta,1700640
Inferência nº [180],4-55.bin,8,4,Incorreta,18478870
Inferência nº [181],2-132.bin,0,2,Incorreta,1716350
Inferência nº [182],0.26.bin,0,0,Correta,18448840
Inferência nº [183],9-193.bin,0,9,Incorreta,1711430
Inferência nº [184],9-02.bin,9,9,Correta,18478770
Inferência nº [185],4-17.bin,0,4,Incorreta,1706820
Inferência nº [186],7-132.bin,8,7,Incorreta,18439420
Inferência nº [187],6-94.bin,0,6,Incorreta,1700840
Inferência nº [188],9-182.bin,9,9,Correta,18495470
Inferência nº [189],9-34.bin,0,9,Incorreta,1725590
Inferência nº [190],0.86.bin,8,0,Incorreta,18471770
Inferência nº [191],2-86.bin,0,2,Incorreta,1701070
Inferência nº [192],8-20.bin,8,8,Correta,18496950
Inferência nº [193],1-116.bin,0,1,Incorreta,1716820
Inferência nº [194],9-160.bin,7,9,Incorreta,18442460
Inferência nº [195],3-177.bin,0,3,Incorreta,1724930
Inferência nº [196],4-74.bin,4,4,Correta,18476770
Inferência nº [197],6-73.bin,0,6,Incorreta,1734570
Inferência nº [198],5-181.bin,8,5,Incorreta,18448040
Inferência nº [199],1-176.bin,0,1,Incorreta,1731220
Inferência nº [200],3-154.bin,3,3,Correta,18479390
Inferência nº [201],9-17.bin,0,9,Incorreta,1716470
Inferência nº [202],8-173.bin,5,8,Incorreta,18451660
Inferência nº [203],4-154.bin,0,4,Incorreta,1710120
Inferência nº [204],8-172.bin,9,8,Incorreta,18479800
Inferência nº [205],2-111.bin,0,2,Incorreta,1706260
Inferência nº [206],9-132.bin,9,9,Correta,18438480
Inferência nº [207],6-46.bin,0,6,Incorreta,1702080
Inferência nº [208],2-91.bin,2,2,Correta,18467080
Inferência nº [209],4-200.bin,0,4,Incorreta,1718110
Inferência nº [210],3-151.bin,3,3,Correta,18450600
Inferência nº [211],2-170.bin,0,2,Incorreta,1713770
Inferência nº [212],0.02.bin,0,0,Correta,18479750
Inferência nº [213],7-155.bin,0,7,Incorreta,1704940
Inferência nº [214],5-92.bin,8,5,Incorreta,18441860
Inferência nº [215],0.40.bin,0,0,Correta,1702990
Inferência nº [216],1-126.bin,1,1,Correta,18479570
Inferência nº [217],1-49.bin,0,1,Incorreta,1716910
Inferência nº [218],4-62.bin,4,4,Correta,18447680
Inferência nº [219],2-135.bin,0,2,Incorreta,1714440
Inferência nº [220],5-122.bin,8,5,Incorreta,18478990
Inferência nº [221],9-90.bin,0,9,Incorreta,1704440
Inferência nº [222],1-191.bin,1,1,Correta,18437330
Inferência nº [223],8-31.bin,0,8,Incorreta,1703250
Inferência nº [224],0.28.bin,8,0,Incorreta,18466770
Inferência nº [225],0.31.bin,0,0,Correta,1712750
Inferência nº [226],0.29.bin,0,0,Correta,18469050
Inferência nº [227],7-149.bin,0,7,Incorreta,1711010
Inferência nº [228],8-158.bin,8,8,Correta,18499820
Inferência nº [229],5-164.bin,0,5,Incorreta,1704180
Inferência nº [230],5-03.bin,8,5,Incorreta,18469160
Inferência nº [231],3-124.bin,0,3,Incorreta,1732110
Inferência nº [232],7-135.bin,8,7,Incorreta,18478740
Inferência nº [233],7-04.bin,0,7,Incorreta,1753300
Inferência nº [234],6-97.bin,6,6,Correta,18449740
Inferência nº [235],8-13.bin,0,8,Incorreta,1739080
Inferência nº [236],5-01.bin,4,5,Incorreta,18487470
Inferência nº [237],2-110.bin,0,2,Incorreta,1717600
Inferência nº [238],3-33.bin,3,3,Correta,18452360
Inferência nº [239],0.96.bin,0,0,Correta,1712400
Inferência nº [240],7-153.bin,7,7,Correta,18483720
Inferência nº [241],2-127.bin,0,2,Incorreta,1705430
Inferência nº [242],1-46.bin,1,1,Correta,18443370
Inferência nº [243],2-21.bin,0,2,Incorreta,1704340
Inferência nº [244],2-05.bin,2,2,Correta,18470940
Inferência nº [245],0.198.bin,0,0,Correta,1715590
Inferência nº [246],2-168.bin,8,2,Incorreta,18449480
Inferência nº [247],9-121.bin,0,9,Incorreta,1715990
Inferência nº [248],5-174.bin,5,5,Correta,18480800
Inferência nº [249],6-193.bin,0,6,Incorreta,1713290
Inferência nº [250],9-87.bin,7,9,Incorreta,18442390
Inferência nº [251],1-166.bin,0,1,Incorreta,1699410
Inferência nº [252],5-149.bin,5,5,Correta,18471280
Inferência nº [253],4-49.bin,0,4,Incorreta,1715790
Inferência nº [254],9-116.bin,8,9,Incorreta,18454270
Inferência nº [255],9-136.bin,0,9,Incorreta,1712350
Inferência nº [256],9-199.bin,9,9,Correta,18482890
Inferência nº [257],3-112.bin,0,3,Incorreta,1712970
Inferência nº [258],7-54.bin,7,7,Correta,18442670
Inferência nº [259],6-182.bin,0,6,Incorreta,1701310
Inferência nº [260],1-83.bin,1,1,Correta,18473990
Inferência nº [261],2-35.bin,0,2,Incorreta,1718220
Inferência nº [262],8-60.bin,8,8,Correta,18470510
Inferência nº [263],3-31.bin,0,3,Incorreta,1711540
Inferência nº [264],0.135.bin,0,0,Correta,18495940
Inferência nº [265],1-87.bin,0,1,Incorreta,1703180
Inferência nº [266],6-101.bin,6,6,Correta,18470620
Inferência nº [267],5-117.bin,0,5,Incorreta,1733820
Inferência nº [268],9-04.bin,8,9,Incorreta,18481230
Inferência nº [269],9-192.bin,0,9,Incorreta,1727040
Inferência nº [270],1-143.bin,1,1,Correta,18439770
Inferência nº [271],6-85.bin,0,6,Incorreta,1735090
Inferência nº [272],1-26.bin,1,1,Correta,18478120
Inferência nº [273],1-38.bin,0,1,Incorreta,1703180
Inferência nº [274],1-186.bin,1,1,Correta,18437680
Inferência nº [275],0.138.bin,0,0,Correta,1703330
Inferência nº [276],4-165.bin,4,4,Correta,18472740
Inferência nº [277],1-36.bin,0,1,Incorreta,1715200
Inferência nº [278],7-152.bin,7,7,Correta,18447490
Inferência nº [279],8-47.bin,0,8,Incorreta,1711210
Inferência nº [280],1-93.bin,1,1,Correta,18479790
Inferência nº [281],1-55.bin,0,1,Incorreta,1712200
Inferência nº [282],7-165.bin,7,7,Correta,18446410
Inferência nº [283],8-10.bin,0,8,Incorreta,1701090
Inferência nº [284],8-177.bin,8,8,Correta,18471470
Inferência nº [285],4-175.bin,0,4,Incorreta,1718250
Inferência nº [286],1-106.bin,1,1,Correta,18449040
Inferência nº [287],8-124.bin,0,8,Incorreta,1711930
Inferência nº [288],0.189.bin,8,0,Incorreta,18480670
Inferência nº [289],0.122.bin,0,0,Correta,1713890
Inferência nº [290],1-13.bin,8,1,Incorreta,18446060
Inferência nº [291],9-167.bin,0,9,Incorreta,1700290
Inferência nº [292],6-104.bin,6,6,Correta,18472850
Inferência nº [293],6-71.bin,0,6,Incorreta,1713170
Inferência nº [294],9-22.bin,8,9,Incorreta,18448650
Inferência nº [295],3-48.bin,0,3,Incorreta,1712730
Inferência nº [296],1-175.bin,1,1,Correta,18480870
Inferência nº [297],7-181.bin,0,7,Incorreta,1712730
Inferência nº [298],6-124.bin,7,6,Incorreta,18479010
Inferência nº [299],5-65.bin,0,5,Incorreta,1705590
Inferência nº [300],5-11.bin,3,5,Incorreta,18495460
Inferência nº [301],3-55.bin,0,3,Incorreta,1716000
Inferência nº [302],2-09.bin,2,2,Correta,18472080
Inferência nº [303],1-16.bin,0,1,Incorreta,1701870
Inferência nº [304],9-58.bin,9,9,Correta,18478860
Inferência nº [305],8-89.bin,0,8,Incorreta,1736900
Inferência nº [306],6-119.bin,6,6,Correta,18449090
Inferência nº [307],2-62.bin,0,2,Incorreta,1730350
Inferência nº [308],5-198.bin,7,5,Incorreta,18472710
Inferência nº [309],5-28.bin,0,5,Incorreta,1736510
Inferência nº [310],2-166.bin,8,2,Incorreta,18488350
Inferência nº [311],8-104.bin,0,8,Incorreta,1711630
Inferência nº [312],4-177.bin,4,4,Correta,18493240
Inferência nº [313],1-04.bin,0,1,Incorreta,1716480
Inferência nº [314],1-100.bin,1,1,Correta,18445640
Inferência nº [315],2-75.bin,0,2,Incorreta,1705040
Inferência nº [316],2-104.bin,2,2,Correta,18471680
Inferência nº [317],3-46.bin,0,3,Incorreta,1716350
Inferência nº [318],2-59.bin,2,2,Correta,18450450
Inferência nº [319],7-62.bin,0,7,Incorreta,1715440
Inferência nº [320],8-95.bin,8,8,Correta,18478980
Inferência nº [321],9-112.bin,0,9,Incorreta,1702630
Inferência nº [322],9-29.bin,8,9,Incorreta,18439640
Inferência nº [323],3-81.bin,0,3,Incorreta,1700950
Inferência nº [324],2-100.bin,2,2,Correta,18473410
Inferência nº [325],8-59.bin,0,8,Incorreta,1716010
Inferência nº [326],3-34.bin,7,3,Incorreta,18454390
Inferência nº [327],3-188.bin,0,3,Incorreta,1712050
Inferência nº [328],8-128.bin,8,8,Correta,18478460
Inferência nº [329],7-198.bin,0,7,Incorreta,1708570
Inferência nº [330],0.195.bin,0,0,Correta,18441910
Inferência nº [331],7-195.bin,0,7,Incorreta,1701090
Inferência nº [332],3-10.bin,3,3,Correta,18468750
Inferência nº [333],4-120.bin,0,4,Incorreta,1719770
Inferência nº [334],1-59.bin,1,1,Correta,18465330
Inferência nº [335],5-85.bin,0,5,Incorreta,1711260
Inferência nº [336],0.126.bin,0,0,Correta,18503580
Inferência nº [337],7-172.bin,0,7,Incorreta,1714720
Inferência nº [338],2-186.bin,2,2,Correta,18471160
Inferência nº [339],0.102.bin,0,0,Correta,1731760
Inferência nº [340],1-77.bin,1,1,Correta,18484920
Inferência nº [341],5-153.bin,0,5,Incorreta,1743540
Inferência nº [342],8-64.bin,8,8,Correta,18449240
Inferência nº [343],9-163.bin,0,9,Incorreta,1733830
Inferência nº [344],4-32.bin,2,4,Incorreta,18478160
Inferência nº [345],3-44.bin,0,3,Incorreta,1727460
Inferência nº [346],1-56.bin,1,1,Correta,18457790
Inferência nº [347],1-160.bin,0,1,Incorreta,1702670
Inferência nº [348],3-54.bin,3,3,Correta,18477210
Inferência nº [349],7-75.bin,0,7,Incorreta,1715780
Inferência nº [350],4-03.bin,4,4,Correta,18451410
Inferência nº [351],9-166.bin,0,9,Incorreta,1712710
Inferência nº [352],3-86.bin,3,3,Correta,18481210
Inferência nº [353],7-68.bin,0,7,Incorreta,1708770
Inferência nº [354],8-17.bin,8,8,Correta,18439060
Inferência nº [355],5-185.bin,0,5,Incorreta,1701660
Inferência nº [356],4-131.bin,4,4,Correta,18475060
Inferência nº [357],3-27.bin,0,3,Incorreta,1719600
Inferência nº [358],0.199.bin,0,0,Correta,18448250
Inferência nº [359],4-18.bin,0,4,Incorreta,1711620
Inferência nº [360],2-157.bin,2,2,Correta,18479270
Inferência nº [361],3-187.bin,0,3,Incorreta,1705110
Inferência nº [362],5-180.bin,8,5,Incorreta,18438510
Inferência nº [363],7-83.bin,0,7,Incorreta,1701100
Inferência nº [364],6-95.bin,6,6,Correta,18471980
Inferência nº [365],5-138.bin,0,5,Incorreta,1715530
Inferência nº [366],9-21.bin,9,9,Correta,18452140
Inferência nº [367],0.140.bin,0,0,Correta,1716480
Inferência nº [368],9-187.bin,4,9,Incorreta,18481200
Inferência nº [369],7-09.bin,0,7,Incorreta,1703590
Inferência nº [370],6-146.bin,6,6,Correta,18456200
Inferência nº [371],5-147.bin,0,5,Incorreta,1703960
Inferência nº [372],3-163.bin,8,3,Incorreta,18493680
Inferência nº [373],3-49.bin,0,3,Incorreta,1715030
Inferência nº [374],6-103.bin,8,6,Incorreta,18472960
Inferência nº [375],9-147.bin,0,9,Incorreta,1722090
Inferência nº [376],3-180.bin,3,3,Correta,18479520
Inferência nº [377],1-65.bin,0,1,Incorreta,1736990
Inferência nº [378],1-195.bin,1,1,Correta,18448690
Inferência nº [379],8-196.bin,0,8,Incorreta,1734290
Inferência nº [380],0.157.bin,0,0,Correta,18477290
Inferência nº [381],3-166.bin,0,3,Incorreta,1736280
Inferência nº [382],2-41.bin,2,2,Correta,18448090
Inferência nº [383],7-72.bin,0,7,Incorreta,1712230
Inferência nº [384],2-25.bin,8,2,Incorreta,18477740
Inferência nº [385],0.181.bin,0,0,Correta,1703800
Inferência nº [386],2-60.bin,8,2,Incorreta,18437320
Inferência nº [387],8-27.bin,0,8,Incorreta,1716500
Inferência nº [388],1-06.bin,1,1,Correta,18486430
Inferência nº [389],2-130.bin,0,2,Incorreta,1717820
Inferência nº [390],0.33.bin,8,0,Incorreta,18449460
Inferência nº [391],1-163.bin,0,1,Incorreta,1711010
Inferência nº [392],4-13.bin,4,4,Correta,18483440
Inferência nº [393],3-146.bin,0,3,Incorreta,1713040
Inferência nº [394],5-168.bin,8,5,Incorreta,18445710
Inferência nº [395],9-26.bin,0,9,Incorreta,1716470
Inferência nº [396],4-31.bin,4,4,Correta,18480630
Inferência nº [397],3-25.bin,0,3,Incorreta,1711760
Inferência nº [398],6-14.bin,6,6,Correta,18442710
Inferência nº [399],6-165.bin,0,6,Incorreta,1701070
Inferência nº [400],6-137.bin,8,6,Incorreta,18472980
Inferência nº [401],7-104.bin,0,7,Incorreta,1714920
Inferência nº [402],9-83.bin,8,9,Incorreta,18451910
Inferência nº [403],6-33.bin,0,6,Incorreta,1712720
Inferência nº [404],4-195.bin,4,4,Correta,18479590
Inferência nº [405],0.150.bin,0,0,Correta,1715970
Inferência nº [406],6-156.bin,6,6,Correta,18456110
Inferência nº [407],3-127.bin,0,3,Incorreta,1702580
Inferência nº [408],2-29.bin,2,2,Correta,18492570
Inferência nº [409],1-74.bin,0,1,Incorreta,1718960
Inferência nº [410],3-172.bin,3,3,Correta,18467670
Inferência nº [411],6-61.bin,0,6,Incorreta,1711220
Inferência nº [412],9-109.bin,9,9,Correta,18475470
Inferência nº [413],4-138.bin,0,4,Incorreta,1736170
Inferência nº [414],5-12.bin,3,5,Incorreta,18459640
Inferência nº [415],0.07.bin,0,0,Correta,1731530
Inferência nº [416],3-41.bin,3,3,Correta,18474180
Inferência nº [417],6-135.bin,0,6,Incorreta,1743860
Inferência nº [418],1-134.bin,1,1,Correta,18447320
Inferência nº [419],4-170.bin,0,4,Incorreta,1714370
Inferência nº [420],3-09.bin,3,3,Correta,18480640
Inferência nº [421],5-56.bin,0,5,Incorreta,1703680
Inferência nº [422],9-79.bin,9,9,Correta,18436750
Inferência nº [423],2-48.bin,0,2,Incorreta,1705860
Inferência nº [424],2-27.bin,2,2,Correta,18475170
Inferência nº [425],1-64.bin,0,1,Incorreta,1714010
Inferência nº [426],6-180.bin,6,6,Correta,18451740
Inferência nº [427],8-127.bin,0,8,Incorreta,1711710
Inferência nº [428],7-87.bin,8,7,Incorreta,18481620
Inferência nº [429],3-73.bin,0,3,Incorreta,1704110
Inferência nº [430],8-190.bin,8,8,Correta,18441800
Inferência nº [431],5-118.bin,0,5,Incorreta,1701700
Inferência nº [432],9-12.bin,9,9,Correta,18467810
Inferência nº [433],6-39.bin,0,6,Incorreta,1718580
Inferência nº [434],8-152.bin,8,8,Correta,18448580
Inferência nº [435],1-07.bin,0,1,Incorreta,1711690
Inferência nº [436],9-111.bin,9,9,Correta,18479880
Inferência nº [437],6-88.bin,0,6,Incorreta,1705680
Inferência nº [438],7-11.bin,7,7,Correta,18441790
Inferência nº [439],6-157.bin,0,6,Incorreta,1701830
Inferência nº [440],2-72.bin,2,2,Correta,18478810
Inferência nº [441],7-86.bin,0,7,Incorreta,1714900
Inferência nº [442],0.48.bin,8,0,Incorreta,18450180
Inferência nº [443],9-129.bin,0,9,Incorreta,1712510
Inferência nº [444],5-105.bin,7,5,Incorreta,18496950
Inferência nº [445],7-79.bin,0,7,Incorreta,1703790
Inferência nº [446],6-171.bin,6,6,Correta,18455260
Inferência nº [447],2-36.bin,0,2,Incorreta,1713500
Inferência nº [448],7-107.bin,0,7,Incorreta,18496320
Inferência nº [449],9-70.bin,0,9,Incorreta,1734030
Inferência nº [450],4-161.bin,8,4,Incorreta,18436420
Inferência nº [451],9-56.bin,0,9,Incorreta,1720770
Inferência nº [452],3-70.bin,3,3,Correta,18479610
Inferência nº [453],4-21.bin,0,4,Incorreta,1737970
Inferência nº [454],0.23.bin,0,0,Correta,18445670
Inferência nº [455],6-56.bin,0,6,Incorreta,1702870
Inferência nº [456],4-107.bin,8,4,Incorreta,18478210
Inferência nº [457],6-115.bin,0,6,Incorreta,1713570
Inferência nº [458],9-194.bin,9,9,Correta,18446330
Inferência nº [459],5-64.bin,0,5,Incorreta,1710860
Inferência nº [460],7-93.bin,7,7,Correta,18480380
Inferência nº [461],3-184.bin,0,3,Incorreta,1708010
Inferência nº [462],6-159.bin,4,6,Incorreta,18438050
Inferência nº [463],8-133.bin,0,8,Incorreta,1715010
Inferência nº [464],1-193.bin,1,1,Correta,18485390
Inferência nº [465],5-69.bin,0,5,Incorreta,1716560
Inferência nº [466],2-152.bin,2,2,Correta,18449160
Inferência nº [467],5-39.bin,0,5,Incorreta,1710270
Inferência nº [468],6-131.bin,6,6,Correta,18481060
Inferência nº [469],6-161.bin,0,6,Incorreta,1701390
Inferência nº [470],0.42.bin,8,0,Incorreta,18441040
Inferência nº [471],9-134.bin,0,9,Incorreta,1701990
Inferência nº [472],8-84.bin,8,8,Correta,18467670
Inferência nº [473],3-64.bin,0,3,Incorreta,1715350
Inferência nº [474],7-163.bin,2,7,Incorreta,18445750
Inferência nº [475],2-179.bin,0,2,Incorreta,1714710
Inferência nº [476],5-74.bin,2,5,Incorreta,18478140
Inferência nº [477],3-168.bin,0,3,Incorreta,1709980
Inferência nº [478],9-144.bin,5,9,Incorreta,18443160
Inferência nº [479],3-51.bin,0,3,Incorreta,1709640
Inferência nº [480],3-167.bin,3,3,Correta,18486540
Inferência nº [481],0.107.bin,0,0,Correta,1717060
Inferência nº [482],8-23.bin,8,8,Correta,18470840
Inferência nº [483],3-148.bin,0,3,Incorreta,1709790
Inferência nº [484],8-157.bin,8,8,Correta,18496060
Inferência nº [485],5-151.bin,0,5,Incorreta,1677930
Inferência nº [486],3-12.bin,3,3,Correta,18334280
Inferência nº [487],5-73.bin,0,5,Incorreta,1615920
Inferência nº [488],9-150.bin,8,9,Incorreta,18332250
Inferência nº [489],4-113.bin,0,4,Incorreta,1622830
Inferência nº [490],5-167.bin,8,5,Incorreta,18330890
Inferência nº [491],0.32.bin,0,0,Correta,1615220
Inferência nº [492],2-14.bin,2,2,Correta,18331840
Inferência nº [493],0.124.bin,0,0,Correta,1630280
Inferência nº [494],7-182.bin,6,7,Incorreta,18333580
Inferência nº [495],8-03.bin,0,8,Incorreta,1614560
Inferência nº [496],3-191.bin,3,3,Correta,18329000
Inferência nº [497],3-47.bin,0,3,Incorreta,1620550
Inferência nº [498],0.65.bin,0,0,Correta,18330610
Inferência nº [499],4-160.bin,0,4,Incorreta,1613860
Inferência nº [500],7-22.bin,7,7,Correta,18330540
Inferência nº [501],7-59.bin,0,7,Incorreta,1618220
Inferência nº [502],8-49.bin,8,8,Correta,18349170
Inferência nº [503],3-17.bin,0,3,Incorreta,1598050
Inferência nº [504],7-119.bin,7,7,Correta,18337430
Inferência nº [505],5-186.bin,0,5,Incorreta,1598260
Inferência nº [506],4-20.bin,8,4,Incorreta,18326740
Inferência nº [507],4-53.bin,0,4,Incorreta,1598770
Inferência nº [508],2-199.bin,2,2,Correta,18338380
Inferência nº [509],1-10.bin,0,1,Incorreta,1675240
Inferência nº [510],4-33.bin,4,4,Correta,18332020
Inferência nº [511],3-150.bin,0,3,Incorreta,1592040
Inferência nº [512],4-80.bin,4,4,Correta,18335960
Inferência nº [513],1-79.bin,0,1,Incorreta,1738230
Inferência nº [514],4-66.bin,9,4,Incorreta,18335410
Inferência nº [515],1-63.bin,0,1,Incorreta,1601600
Inferência nº [516],2-123.bin,2,2,Correta,18333690
Inferência nº [517],3-42.bin,0,3,Incorreta,1600260
Inferência nº [518],7-193.bin,7,7,Correta,18326340
Inferência nº [519],5-126.bin,0,5,Incorreta,1598770
Inferência nº [520],8-04.bin,8,8,Correta,18328520
Inferência nº [521],5-193.bin,0,5,Incorreta,1601190
Inferência nº [522],8-100.bin,8,8,Correta,18331570
Inferência nº [523],6-112.bin,0,6,Incorreta,1600800
Inferência nº [524],4-122.bin,9,4,Incorreta,18336250
Inferência nº [525],9-151.bin,0,9,Incorreta,1598970
Inferência nº [526],2-90.bin,8,2,Incorreta,18325340
Inferência nº [527],8-187.bin,0,8,Incorreta,1599280
Inferência nº [528],0.41.bin,0,0,Correta,18337900
Inferência nº [529],3-179.bin,0,3,Incorreta,1599730
Inferência nº [530],0.174.bin,0,0,Correta,18326410
Inferência nº [531],3-71.bin,0,3,Incorreta,1595910
Inferência nº [532],7-116.bin,7,7,Correta,18330000
Inferência nº [533],4-162.bin,0,4,Incorreta,1599490
Inferência nº [534],6-51.bin,6,6,Correta,18335160
Inferência nº [535],5-29.bin,0,5,Incorreta,1591110
Inferência nº [536],5-41.bin,8,5,Incorreta,18336290
Inferência nº [537],3-66.bin,0,3,Incorreta,1596920
Inferência nº [538],0.71.bin,6,0,Incorreta,18330740
Inferência nº [539],3-106.bin,0,3,Incorreta,1596930
Inferência nº [540],3-125.bin,8,3,Incorreta,18338530
Inferência nº [541],9-45.bin,0,9,Incorreta,1607080
Inferência nº [542],5-53.bin,5,5,Correta,18336010
Inferência nº [543],6-67.bin,0,6,Incorreta,1597720
Inferência nº [544],0.62.bin,0,0,Correta,18335960
Inferência nº [545],2-02.bin,0,2,Incorreta,1599660
Inferência nº [546],4-77.bin,4,4,Correta,18334610
Inferência nº [547],0.99.bin,0,0,Correta,1598510
Inferência nº [548],3-23.bin,6,3,Incorreta,18335730
Inferência nº [549],9-123.bin,0,9,Incorreta,1602680
Inferência nº [550],4-95.bin,8,4,Incorreta,18324880
Inferência nº [551],2-69.bin,0,2,Incorreta,1595720
Inferência nº [552],4-48.bin,7,4,Incorreta,18329970
Inferência nº [553],4-29.bin,0,4,Incorreta,1603630
Inferência nº [554],4-118.bin,4,4,Correta,18330990
Inferência nº [555],7-170.bin,0,7,Incorreta,1592190
Inferência nº [556],0.112.bin,0,0,Correta,18335100
Inferência nº [557],7-162.bin,0,7,Incorreta,1600510
Inferência nº [558],1-66.bin,1,1,Correta,18325750
Inferência nº [559],7-125.bin,0,7,Incorreta,1597370
Inferência nº [560],5-09.bin,3,5,Incorreta,18339710
Inferência nº [561],1-150.bin,0,1,Incorreta,1763490
Inferência nº [562],4-178.bin,9,4,Incorreta,18450060
Inferência nº [563],0.170.bin,0,0,Correta,1711220
Inferência nº [564],0.182.bin,0,0,Correta,18483780
Inferência nº [565],5-160.bin,0,5,Incorreta,1705420
Inferência nº [566],0.193.bin,2,0,Incorreta,18435960
Inferência nº [567],6-143.bin,0,6,Incorreta,1699070
Inferência nº [568],5-83.bin,7,5,Incorreta,18495200
Inferência nº [569],2-65.bin,0,2,Incorreta,1714000
Inferência nº [570],0.91.bin,0,0,Correta,18472000
Inferência nº [571],1-121.bin,0,1,Incorreta,1703820
Inferência nº [572],4-179.bin,4,4,Correta,18504960
Inferência nº [573],2-10.bin,0,2,Incorreta,1817800
Inferência nº [574],4-45.bin,4,4,Correta,18449880
Inferência nº [575],0.143.bin,0,0,Correta,1728180
Inferência nº [576],0.69.bin,0,0,Correta,18472000
Inferência nº [577],1-29.bin,0,1,Incorreta,1730730
Inferência nº [578],1-119.bin,1,1,Correta,18451840
Inferência nº [579],2-159.bin,0,2,Incorreta,1710020
Inferência nº [580],8-06.bin,8,8,Correta,18475840
Inferência nº [581],9-42.bin,0,9,Incorreta,1712200
Inferência nº [582],4-103.bin,4,4,Correta,18449720
Inferência nº [583],9-08.bin,0,9,Incorreta,1708490
Inferência nº [584],2-188.bin,3,2,Incorreta,18471880
Inferência nº [585],0.166.bin,0,0,Correta,1705570
Inferência nº [586],3-182.bin,3,3,Correta,18435830
Inferência nº [587],3-159.bin,0,3,Incorreta,1700040
Inferência nº [588],6-57.bin,8,6,Incorreta,18471490
Inferência nº [589],1-174.bin,0,1,Incorreta,1725110
Inferência nº [590],9-186.bin,8,9,Incorreta,18451130
Inferência nº [591],5-50.bin,0,5,Incorreta,1709940
Inferência nº [592],4-194.bin,4,4,Correta,18479420
Inferência nº [593],8-53.bin,0,8,Incorreta,1702360
Inferência nº [594],7-82.bin,2,7,Incorreta,18436200
Inferência nº [595],4-183.bin,0,4,Incorreta,1703460
Inferência nº [596],6-170.bin,6,6,Correta,18473910
Inferência nº [597],7-92.bin,0,7,Incorreta,1711730
Inferência nº [598],7-178.bin,8,7,Incorreta,18447070
Inferência nº [599],0.30.bin,0,0,Correta,1709670
Inferência nº [600],4-72.bin,8,4,Incorreta,18474770
Inferência nº [601],9-165.bin,0,9,Incorreta,1710980
Inferência nº [602],1-124.bin,1,1,Correta,18449550
Inferência nº [603],1-128.bin,0,1,Incorreta,1708950
Inferência nº [604],7-27.bin,7,7,Correta,18494520
Inferência nº [605],4-141.bin,0,4,Incorreta,1712280
Inferência nº [606],8-57.bin,8,8,Correta,18469640
Inferência nº [607],5-72.bin,0,5,Incorreta,1710730
Inferência nº [608],6-62.bin,6,6,Correta,18492620
Inferência nº [609],1-167.bin,0,1,Incorreta,1727230
Inferência nº [610],1-53.bin,1,1,Correta,18439030
Inferência nº [611],1-115.bin,0,1,Incorreta,1728910
Inferência nº [612],6-48.bin,6,6,Correta,18476430
Inferência nº [613],9-100.bin,0,9,Incorreta,1734210
Inferência nº [614],6-53.bin,6,6,Correta,18441630
Inferência nº [615],4-152.bin,0,4,Incorreta,1699740
Inferência nº [616],9-200.bin,2,9,Incorreta,18477940
Inferência nº [617],9-157.bin,0,9,Incorreta,1712970
Inferência nº [618],6-58.bin,6,6,Correta,18459830
Inferência nº [619],4-96.bin,0,4,Incorreta,1714240
Inferência nº [620],2-18.bin,2,2,Correta,18482190
Inferência nº [621],6-27.bin,0,6,Incorreta,1700870
Inferência nº [622],3-103.bin,3,3,Correta,18445160
Inferência nº [623],2-163.bin,0,2,Incorreta,1703890
Inferência nº [624],9-101.bin,9,9,Correta,18468980
Inferência nº [625],2-183.bin,0,2,Incorreta,1722730
Inferência nº [626],4-12.bin,4,4,Correta,18455490
Inferência nº [627],6-138.bin,0,6,Incorreta,1713230
Inferência nº [628],0.104.bin,0,0,Correta,18482970
Inferência nº [629],5-184.bin,0,5,Incorreta,1715690
Inferência nº [630],2-160.bin,8,2,Incorreta,18455100
Inferência nº [631],9-07.bin,0,9,Incorreta,1713960
Inferência nº [632],0.129.bin,0,0,Correta,18481900
Inferência nº [633],6-166.bin,0,6,Incorreta,1705240
Inferência nº [634],3-04.bin,8,3,Incorreta,18440670
Inferência nº [635],1-15.bin,0,1,Incorreta,1702730
Inferência nº [636],1-171.bin,1,1,Correta,18466540
Inferência nº [637],8-69.bin,0,8,Incorreta,1716680
Inferência nº [638],4-07.bin,4,4,Correta,18450590
Inferência nº [639],1-197.bin,0,1,Incorreta,1712490
Inferência nº [640],8-121.bin,8,8,Correta,18495410
Inferência nº [641],2-20.bin,0,2,Incorreta,1701240
Inferência nº [642],2-37.bin,2,2,Correta,18456410
Inferência nº [643],0.132.bin,0,0,Correta,1700610
Inferência nº [644],7-142.bin,7,7,Correta,18494290
Inferência nº [645],3-199.bin,0,3,Incorreta,1714240
Inferência nº [646],4-19.bin,4,4,Correta,18441510
Inferência nº [647],1-73.bin,0,1,Incorreta,1724520
Inferência nº [648],5-86.bin,8,5,Incorreta,18476740
Inferência nº [649],7-139.bin,0,7,Incorreta,1738190
Inferência nº [650],0.113.bin,0,0,Correta,18446610
Inferência nº [651],9-114.bin,0,9,Incorreta,1735160
Inferência nº [652],4-149.bin,4,4,Correta,18468490
Inferência nº [653],8-182.bin,0,8,Incorreta,1714910
Inferência nº [654],5-78.bin,8,5,Incorreta,18450110
Inferência nº [655],4-39.bin,0,4,Incorreta,1710640
Inferência nº [656],3-165.bin,3,3,Correta,18477180
Inferência nº [657],1-164.bin,0,1,Incorreta,1713070
Inferência nº [658],2-13.bin,2,2,Correta,18450140
Inferência nº [659],9-54.bin,0,9,Incorreta,1710290
Inferência nº [660],8-170.bin,8,8,Correta,18478290
Inferência nº [661],4-105.bin,0,4,Incorreta,1704990
Inferência nº [662],6-55.bin,6,6,Correta,18438120
Inferência nº [663],1-60.bin,0,1,Incorreta,1701170
Inferência nº [664],5-21.bin,8,5,Incorreta,18475140
Inferência nº [665],6-29.bin,0,6,Incorreta,1713160
Inferência nº [666],4-143.bin,9,4,Incorreta,18448470
Inferência nº [667],2-144.bin,0,2,Incorreta,1711630
Inferência nº [668],6-153.bin,6,6,Correta,18480450
Inferência nº [669],3-164.bin,0,3,Incorreta,1699990
Inferência nº [670],8-189.bin,8,8,Correta,18441080
Inferência nº [671],7-50.bin,0,7,Incorreta,1701610
Inferência nº [672],4-168.bin,4,4,Correta,18472660
Inferência nº [673],7-77.bin,0,7,Incorreta,1714270
Inferência nº [674],6-13.bin,6,6,Correta,18445430
Inferência nº [675],4-71.bin,0,4,Incorreta,1712470
Inferência nº [676],6-116.bin,6,6,Correta,18476530
Inferência nº [677],5-125.bin,0,5,Incorreta,1714980
Inferência nº [678],7-06.bin,7,7,Correta,18466760
Inferência nº [679],8-67.bin,0,8,Incorreta,1699880
Inferência nº [680],2-193.bin,8,2,Incorreta,18492930
Inferência nº [681],1-27.bin,0,1,Incorreta,1714290
Inferência nº [682],7-71.bin,7,7,Correta,18469290
Inferência nº [683],7-24.bin,0,7,Incorreta,1730760
Inferência nº [684],9-127.bin,9,9,Correta,18474590
Inferência nº [685],3-59.bin,0,3,Incorreta,1730850
Inferência nº [686],7-89.bin,7,7,Correta,18448590
Inferência nº [687],0.35.bin,0,0,Correta,1732040
Inferência nº [688],9-77.bin,8,9,Incorreta,18484160
Inferência nº [689],0.144.bin,0,0,Correta,1718030
Inferência nº [690],5-37.bin,3,5,Incorreta,18446380
Inferência nº [691],6-74.bin,0,6,Incorreta,1709660
Inferência nº [692],2-140.bin,2,2,Correta,18479990
Inferência nº [693],8-78.bin,0,8,Incorreta,1713250
Inferência nº [694],6-47.bin,6,6,Correta,18446580
Inferência nº [695],3-06.bin,0,3,Incorreta,1724070
Inferência nº [696],1-05.bin,1,1,Correta,18493860
Inferência nº [697],9-73.bin,0,9,Incorreta,1795210
Inferência nº [698],7-16.bin,7,7,Correta,18443570
Inferência nº [699],7-114.bin,0,7,Incorreta,1714990
Inferência nº [700],9-11.bin,9,9,Correta,18479160
Inferência nº [701],6-31.bin,0,6,Incorreta,1712610
Inferência nº [702],5-36.bin,8,5,Incorreta,18449380
Inferência nº [703],3-90.bin,0,3,Incorreta,1714930
Inferência nº [704],4-139.bin,9,4,Incorreta,18477690
Inferência nº [705],9-31.bin,0,9,Incorreta,1704250
Inferência nº [706],6-198.bin,6,6,Correta,18441570
Inferência nº [707],8-169.bin,0,8,Incorreta,1702310
Inferência nº [708],7-30.bin,7,7,Correta,18475540
Inferência nº [709],4-145.bin,0,4,Incorreta,1712130
Inferência nº [710],1-41.bin,1,1,Correta,18451530
Inferência nº [711],0.74.bin,0,0,Correta,1711750
Inferência nº [712],6-175.bin,6,6,Correta,18479060
Inferência nº [713],2-139.bin,0,2,Incorreta,1705330
Inferência nº [714],4-130.bin,8,4,Incorreta,18458730
Inferência nº [715],7-144.bin,0,7,Incorreta,1710370
Inferência nº [716],4-43.bin,9,4,Incorreta,18528520
Inferência nº [717],9-148.bin,0,9,Incorreta,1705290
Inferência nº [718],4-158.bin,8,4,Incorreta,18457300
Inferência nº [719],0.146.bin,0,0,Correta,1734880
Inferência nº [720],1-18.bin,1,1,Correta,18483750
Inferência nº [721],0.177.bin,0,0,Correta,1725170
Inferência nº [722],0.105.bin,0,0,Correta,18441020
Inferência nº [723],6-179.bin,0,6,Incorreta,1731770
Inferência nº [724],6-50.bin,8,6,Incorreta,18481210
Inferência nº [725],6-125.bin,0,6,Incorreta,1703690
Inferência nº [726],5-31.bin,4,5,Incorreta,18439660
Inferência nº [727],8-56.bin,0,8,Incorreta,1702820
Inferência nº [728],2-07.bin,2,2,Correta,18474360
Inferência nº [729],5-80.bin,0,5,Incorreta,1714000
Inferência nº [730],0.19.bin,0,0,Correta,18447630
Inferência nº [731],9-95.bin,0,9,Incorreta,1711000
Inferência nº [732],0.98.bin,0,0,Correta,18476710
Inferência nº [733],2-169.bin,0,2,Incorreta,1703260
Inferência nº [734],3-178.bin,8,3,Incorreta,18443840
Inferência nº [735],7-63.bin,0,7,Incorreta,1702620
Inferência nº [736],2-191.bin,8,2,Incorreta,18493280
Inferência nº [737],1-170.bin,0,1,Incorreta,1721410
Inferência nº [738],4-85.bin,8,4,Incorreta,18451900
Inferência nº [739],4-164.bin,0,4,Incorreta,1710690
Inferência nº [740],3-158.bin,3,3,Correta,18476370
Inferência nº [741],7-98.bin,0,7,Incorreta,1719490
Inferência nº [742],0.161.bin,0,0,Correta,18449720
Inferência nº [743],8-90.bin,0,8,Incorreta,1712440
Inferência nº [744],7-106.bin,8,7,Incorreta,18480310
Inferência nº [745],2-142.bin,0,2,Incorreta,1712900
Inferência nº [746],9-05.bin,9,9,Correta,18442060
Inferência nº [747],9-141.bin,0,9,Incorreta,1702270
Inferência nº [748],6-130.bin,6,6,Correta,18473620
Inferência nº [749],3-108.bin,0,3,Incorreta,1715070
Inferência nº [750],6-114.bin,6,6,Correta,18469890
Inferência nº [751],4-84.bin,0,4,Incorreta,1713430
Inferência nº [752],7-76.bin,7,7,Correta,18494220
Inferência nº [753],4-99.bin,0,4,Incorreta,1704210
Inferência nº [754],7-20.bin,2,7,Incorreta,18463880
Inferência nº [755],3-194.bin,0,3,Incorreta,1717050
Inferência nº [756],2-22.bin,2,2,Correta,18478580
Inferência nº [757],8-26.bin,0,8,Incorreta,1724090
Inferência nº [758],1-118.bin,6,1,Incorreta,18439130
Inferência nº [759],1-57.bin,0,1,Incorreta,1730970
Inferência nº [760],2-88.bin,8,2,Incorreta,18478300
Inferência nº [761],9-138.bin,0,9,Incorreta,1737710
Inferência nº [762],0.119.bin,8,0,Incorreta,18439890
Inferência nº [763],4-119.bin,0,4,Incorreta,1701730
Inferência nº [764],9-98.bin,8,9,Incorreta,18472270
Inferência nº [765],2-83.bin,0,2,Incorreta,1717670
Inferência nº [766],9-161.bin,9,9,Correta,18447280
Inferência nº [767],0.67.bin,0,0,Correta,1712330
Inferência nº [768],2-138.bin,2,2,Correta,18479380
Inferência nº [769],2-55.bin,0,2,Incorreta,1704080
Inferência nº [770],4-11.bin,8,4,Incorreta,18441750
Inferência nº [771],7-56.bin,0,7,Incorreta,1698870
Inferência nº [772],0.09.bin,0,0,Correta,18500420
Inferência nº [773],7-01.bin,0,7,Incorreta,1715750
Inferência nº [774],8-148.bin,8,8,Correta,18450360
Inferência nº [775],4-176.bin,0,4,Incorreta,1712970
Inferência nº [776],2-12.bin,8,2,Incorreta,18484770
Inferência nº [777],2-79.bin,0,2,Incorreta,1710520
Inferência nº [778],8-120.bin,8,8,Correta,18442120
Inferência nº [779],7-197.bin,0,7,Incorreta,1704440
Inferência nº [780],8-199.bin,8,8,Correta,18470800
Inferência nº [781],8-193.bin,0,8,Incorreta,1715410
Inferência nº [782],6-87.bin,6,6,Correta,18449510
Inferência nº [783],3-63.bin,0,3,Incorreta,1714000
Inferência nº [784],5-51.bin,7,5,Incorreta,18479030
Inferência nº [785],7-175.bin,0,7,Incorreta,1710870
Inferência nº [786],3-155.bin,3,3,Correta,18449630
Inferência nº [787],5-188.bin,0,5,Incorreta,1702070
Inferência nº [788],3-83.bin,3,3,Correta,18497760
Inferência nº [789],4-23.bin,0,4,Incorreta,1715680
Inferência nº [790],1-98.bin,1,1,Correta,18468790
Inferência nº [791],0.47.bin,0,0,Correta,1711660
Inferência nº [792],4-98.bin,4,4,Correta,18499550
Inferência nº [793],7-124.bin,0,7,Incorreta,1738900
Inferência nº [794],2-172.bin,2,2,Correta,18448810
Inferência nº [795],5-88.bin,0,5,Incorreta,1730320
Inferência nº [796],2-73.bin,2,2,Correta,18470470
Inferência nº [797],4-126.bin,0,4,Incorreta,1735350
Inferência nº [798],4-50.bin,4,4,Correta,18451640
Inferência nº [799],8-09.bin,0,8,Incorreta,1712530
Inferência nº [800],9-41.bin,9,9,Correta,18484120
Inferência nº [801],0.13.bin,0,0,Correta,1705190
Inferência nº [802],7-74.bin,8,7,Incorreta,18438150
Inferência nº [803],5-130.bin,0,5,Incorreta,1702080
Inferência nº [804],9-108.bin,8,9,Incorreta,18469820
Inferência nº [805],9-55.bin,0,9,Incorreta,1714300
Inferência nº [806],5-48.bin,8,5,Incorreta,18448230
Inferência nº [807],5-155.bin,0,5,Incorreta,1715310
Inferência nº [808],4-129.bin,4,4,Correta,18478320
Inferência nº [809],4-26.bin,0,4,Incorreta,1712090
Inferência nº [810],3-170.bin,3,3,Correta,18444760
Inferência nº [811],2-71.bin,0,2,Incorreta,1699180
Inferência nº [812],6-22.bin,5,6,Incorreta,18475710
Inferência nº [813],2-165.bin,0,2,Incorreta,1714310
Inferência nº [814],0.187.bin,0,0,Correta,18451490
Inferência nº [815],9-25.bin,0,9,Incorreta,1712020
Inferência nº [816],3-21.bin,3,3,Correta,18480320
Inferência nº [817],5-175.bin,0,5,Incorreta,1707880
Inferência nº [818],5-42.bin,8,5,Incorreta,18443280
Inferência nº [819],8-30.bin,0,8,Incorreta,1699770
Inferência nº [820],4-58.bin,8,4,Incorreta,18488940
Inferência nº [821],6-19.bin,0,6,Incorreta,1805350
Inferência nº [822],0.186.bin,0,0,Correta,18454350
Inferência nº [823],1-86.bin,0,1,Incorreta,1713040
Inferência nº [824],6-102.bin,1,6,Incorreta,18510020
Inferência nº [825],6-199.bin,0,6,Incorreta,1712020
Inferência nº [826],7-180.bin,2,7,Incorreta,18468850
Inferência nº [827],9-106.bin,0,9,Incorreta,1710440
Inferência nº [828],7-120.bin,7,7,Correta,18497940
Inferência nº [829],2-99.bin,0,2,Incorreta,1723380
Inferência nº [830],7-84.bin,7,7,Correta,18440400
Inferência nº [831],0.127.bin,0,0,Correta,1731960
Inferência nº [832],2-67.bin,8,2,Incorreta,18481440
Inferência nº [833],7-48.bin,0,7,Incorreta,1733660
Inferência nº [834],4-68.bin,8,4,Incorreta,18457960
Inferência nº [835],0.152.bin,0,0,Correta,1711200
Inferência nº [836],4-191.bin,9,4,Incorreta,18485970
Inferência nº [837],0.88.bin,0,0,Correta,1713990
Inferência nº [838],4-181.bin,9,4,Incorreta,18455770
Inferência nº [839],1-20.bin,0,1,Incorreta,1701010
Inferência nº [840],1-180.bin,1,1,Correta,18471920
Inferência nº [841],5-112.bin,0,5,Incorreta,1717280
Inferência nº [842],1-101.bin,1,1,Correta,18450220
Inferência nº [843],4-42.bin,0,4,Incorreta,1713720
Inferência nº [844],8-37.bin,8,8,Correta,18478750
Inferência nº [845],8-117.bin,0,8,Incorreta,1706500
Inferência nº [846],0.108.bin,0,0,Correta,18443630
Inferência nº [847],5-127.bin,0,5,Incorreta,1701270
Inferência nº [848],4-97.bin,4,4,Correta,18472940
Inferência nº [849],6-136.bin,0,6,Incorreta,1715060
Inferência nº [850],7-115.bin,9,7,Incorreta,18444760
Inferência nº [851],0.17.bin,0,0,Correta,1711380
Inferência nº [852],5-156.bin,5,5,Correta,18485050
Inferência nº [853],9-135.bin,0,9,Incorreta,1715210
Inferência nº [854],4-16.bin,4,4,Correta,18444790
Inferência nº [855],9-75.bin,0,9,Incorreta,1703330
Inferência nº [856],4-57.bin,9,4,Incorreta,18471290
Inferência nº [857],8-197.bin,0,8,Incorreta,1717040
Inferência nº [858],8-22.bin,8,8,Correta,18449490
Inferência nº [859],4-01.bin,0,4,Incorreta,1715310
Inferência nº [860],8-126.bin,8,8,Correta,18495260
Inferência nº [861],2-61.bin,0,2,Incorreta,1703750
Inferência nº [862],8-137.bin,8,8,Correta,18466540
Inferência nº [863],2-116.bin,0,2,Incorreta,1710560
Inferência nº [864],2-147.bin,2,2,Correta,18503960
Inferência nº [865],8-155.bin,0,8,Incorreta,1726290
Inferência nº [866],2-51.bin,2,2,Correta,18441250
Inferência nº [867],2-161.bin,0,2,Incorreta,1727500
Inferência nº [868],9-89.bin,9,9,Correta,18478470
Inferência nº [869],4-14.bin,0,4,Incorreta,1735790
Inferência nº [870],4-124.bin,6,4,Incorreta,18438780
Inferência nº [871],4-51.bin,0,4,Incorreta,1703240
Inferência nº [872],5-60.bin,8,5,Incorreta,18479130
Inferência nº [873],8-141.bin,0,8,Incorreta,1713560
Inferência nº [874],8-68.bin,8,8,Correta,18448980
Inferência nº [875],1-84.bin,0,1,Incorreta,1711620
Inferência nº [876],6-30.bin,8,6,Incorreta,18481080
Inferência nº [877],4-171.bin,0,4,Incorreta,1704950
Inferência nº [878],8-195.bin,8,8,Correta,18436180
Inferência nº [879],9-53.bin,0,9,Incorreta,1699250
Inferência nº [880],5-30.bin,8,5,Incorreta,18472650
Inferência nº [881],0.160.bin,0,0,Correta,1715950
Inferência nº [882],4-187.bin,4,4,Correta,18453790
Inferência nº [883],0.56.bin,0,0,Correta,1717070
Inferência nº [884],9-156.bin,9,9,Correta,18479650
Inferência nº [885],5-132.bin,0,5,Incorreta,1700880
Inferência nº [886],7-154.bin,7,7,Correta,18440050
Inferência nº [887],9-180.bin,0,9,Incorreta,1700620
Inferência nº [888],0.111.bin,0,0,Correta,18472030
Inferência nº [889],4-63.bin,0,4,Incorreta,1716660
Inferência nº [890],6-98.bin,6,6,Correta,18451250
Inferência nº [891],8-130.bin,0,8,Incorreta,1711300
Inferência nº [892],2-196.bin,2,2,Correta,18479590
Inferência nº [893],9-06.bin,0,9,Incorreta,1704200
Inferência nº [894],0.85.bin,0,0,Correta,18443120
Inferência nº [895],5-82.bin,0,5,Incorreta,1700630
Inferência nº [896],8-34.bin,8,8,Correta,18495230
Inferência nº [897],1-19.bin,0,1,Incorreta,1718530
Inferência nº [898],8-109.bin,8,8,Correta,18466710
Inferência nº [899],5-106.bin,0,5,Incorreta,1710360
Inferência nº [900],3-39.bin,3,3,Correta,18504600
Inferência nº [901],1-179.bin,0,1,Incorreta,1714930
Inferência nº [902],1-125.bin,1,1,Correta,18451360
Inferência nº [903],9-14.bin,0,9,Incorreta,1732390
Inferência nº [904],4-110.bin,4,4,Correta,18481270
Inferência nº [905],6-92.bin,0,6,Incorreta,1734700
Inferência nº [906],6-59.bin,6,6,Correta,18447400
Inferência nº [907],3-79.bin,0,3,Incorreta,1734020
Inferência nº [908],0.53.bin,7,0,Incorreta,18477950
Inferência nº [909],8-12.bin,0,8,Incorreta,1703320
Inferência nº [910],7-192.bin,7,7,Correta,18435900
Inferência nº [911],8-122.bin,0,8,Incorreta,1703960
Inferência nº [912],7-138.bin,7,7,Correta,18469630
Inferência nº [913],7-140.bin,0,7,Incorreta,1725790
Inferência nº [914],1-112.bin,1,1,Correta,18450300
Inferência nº [915],7-150.bin,0,7,Incorreta,1712740
Inferência nº [916],4-198.bin,4,4,Correta,18482320
Inferência nº [917],2-06.bin,0,2,Incorreta,1708440
Inferência nº [918],8-92.bin,8,8,Correta,18469610
Inferência nº [919],7-94.bin,0,7,Incorreta,2923890
Inferência nº [920],0.153.bin,0,0,Correta,18495120
Inferência nº [921],5-07.bin,0,5,Incorreta,1707820
Inferência nº [922],5-59.bin,8,5,Incorreta,18441740
Inferência nº [923],5-170.bin,0,5,Incorreta,1713450
Inferência nº [924],0.149.bin,0,0,Correta,18480540
Inferência nº [925],6-183.bin,0,6,Incorreta,1713470
Inferência nº [926],1-12.bin,1,1,Correta,18462780
Inferência nº [927],6-45.bin,0,6,Incorreta,1713720
Inferência nº [928],4-133.bin,4,4,Correta,18503750
Inferência nº [929],3-129.bin,0,3,Incorreta,1714940
Inferência nº [930],4-192.bin,4,4,Correta,18473460
Inferência nº [931],6-151.bin,0,6,Incorreta,1711580
Inferência nº [932],7-96.bin,7,7,Correta,18498740
Inferência nº [933],8-66.bin,0,8,Incorreta,1682320
Inferência nº [934],0.18.bin,2,0,Incorreta,18335600
Inferência nº [935],3-94.bin,0,3,Incorreta,1614320
Inferência nº [936],7-184.bin,7,7,Correta,18330710
Inferência nº [937],3-196.bin,0,3,Incorreta,1637350
Inferência nº [938],6-187.bin,6,6,Correta,18335030
Inferência nº [939],5-08.bin,0,5,Incorreta,1615520
Inferência nº [940],5-111.bin,8,5,Incorreta,18337220
Inferência nº [941],5-192.bin,0,5,Incorreta,1627160
Inferência nº [942],7-187.bin,7,7,Correta,18325640
Inferência nº [943],3-137.bin,0,3,Incorreta,1615730
Inferência nº [944],7-03.bin,7,7,Correta,18338470
Inferência nº [945],2-94.bin,0,2,Incorreta,1688410
Inferência nº [946],6-76.bin,6,6,Correta,18333730
Inferência nº [947],6-118.bin,0,6,Incorreta,1615350
Inferência nº [948],4-106.bin,4,4,Correta,18328240
Inferência nº [949],1-91.bin,0,1,Incorreta,1671090
Inferência nº [950],5-159.bin,5,5,Correta,18337830
Inferência nº [951],8-125.bin,0,8,Incorreta,1590600
Inferência nº [952],9-27.bin,8,9,Incorreta,18337060
Inferência nº [953],9-137.bin,0,9,Incorreta,1672460
Inferência nº [954],8-75.bin,3,8,Incorreta,18333790
Inferência nº [955],6-10.bin,0,6,Incorreta,1597200
Inferência nº [956],5-22.bin,5,5,Correta,18330160
Inferência nº [957],0.106.bin,0,0,Correta,1686810
Inferência nº [958],9-93.bin,4,9,Incorreta,18326670
Inferência nº [959],8-43.bin,0,8,Incorreta,1599900
Inferência nº [960],7-02.bin,7,7,Correta,18329790
Inferência nº [961],6-152.bin,0,6,Incorreta,1600260
Inferência nº [962],5-135.bin,5,5,Correta,18330600
Inferência nº [963],8-111.bin,0,8,Incorreta,1594270
Inferência nº [964],4-140.bin,4,4,Correta,18347720
Inferência nº [965],1-200.bin,0,1,Incorreta,1598020
Inferência nº [966],4-102.bin,4,4,Correta,18327520
Inferência nº [967],3-14.bin,0,3,Incorreta,1601080
Inferência nº [968],0.131.bin,0,0,Correta,18339020
Inferência nº [969],0.79.bin,0,0,Correta,1598410
Inferência nº [970],8-16.bin,8,8,Correta,18333270
Inferência nº [971],9-172.bin,0,9,Incorreta,1599980
Inferência nº [972],7-12.bin,9,7,Incorreta,18329690
Inferência nº [973],9-184.bin,0,9,Incorreta,1597820
Inferência nº [974],3-153.bin,8,3,Incorreta,18336270
Inferência nº [975],2-114.bin,0,2,Incorreta,1590420
Inferência nº [976],9-18.bin,9,9,Correta,18335000
Inferência nº [977],9-124.bin,0,9,Incorreta,1598500
Inferência nº [978],0.82.bin,0,0,Correta,18324760
Inferência nº [979],0.200.bin,0,0,Correta,1596090
Inferência nº [980],5-162.bin,8,5,Incorreta,18329600
Inferência nº [981],7-117.bin,0,7,Incorreta,1599590
Inferência nº [982],8-107.bin,8,8,Correta,18333990
Inferência nº [983],5-145.bin,0,5,Incorreta,1590910
Inferência nº [984],2-26.bin,2,2,Correta,18336180
Inferência nº [985],4-155.bin,0,4,Incorreta,1597460
Inferência nº [986],4-190.bin,4,4,Correta,18328120
Inferência nº [987],5-46.bin,0,5,Incorreta,1595230
Inferência nº [988],3-77.bin,3,3,Correta,18337810
Inferência nº [989],3-105.bin,0,3,Incorreta,1592190
Inferência nº [990],0.63.bin,0,0,Correta,18335050
Inferência nº [991],5-150.bin,0,5,Incorreta,1596880
Inferência nº [992],5-40.bin,5,5,Correta,18330110
Inferência nº [993],7-70.bin,0,7,Incorreta,1600490
Inferência nº [994],3-18.bin,3,3,Correta,18326270
Inferência nº [995],1-154.bin,0,1,Incorreta,1599360
Inferência nº [996],5-19.bin,8,5,Incorreta,18339310
Inferência nº [997],2-76.bin,0,2,Incorreta,1601500
Inferência nº [998],0.58.bin,0,0,Correta,18330850
Inferência nº [999],6-117.bin,0,6,Incorreta,1595830
Inferência nº [1000],9-191.bin,9,9,Correta,18330830
Inferência nº [1001],9-153.bin,0,9,Incorreta,1601370
Inferência nº [1002],0.162.bin,0,0,Correta,18337190
Inferência nº [1003],0.75.bin,0,0,Correta,1603260
Inferência nº [1004],8-05.bin,8,8,Correta,18341260
Inferência nº [1005],8-168.bin,0,8,Incorreta,1603460
Inferência nº [1006],5-142.bin,5,5,Correta,18325430
Inferência nº [1007],4-137.bin,0,4,Incorreta,1595370
Inferência nº [1008],5-195.bin,8,5,Incorreta,18330430
Inferência nº [1009],1-133.bin,0,1,Incorreta,1599820
Inferência nº [1010],1-02.bin,1,1,Correta,18330870
Inferência nº [1011],6-25.bin,0,6,Incorreta,1591010
Inferência nº [1012],3-35.bin,3,3,Correta,18336420
Inferência nº [1013],6-134.bin,0,6,Incorreta,1597820
Inferência nº [1014],2-167.bin,8,2,Incorreta,18326880
Inferência nº [1015],5-129.bin,0,5,Incorreta,1597750
Inferência nº [1016],3-160.bin,3,3,Correta,18347120
Inferência nº [1017],4-156.bin,0,4,Incorreta,1598510
Inferência nº [1018],6-142.bin,8,6,Incorreta,18327310
Inferência nº [1019],7-78.bin,0,7,Incorreta,1595640
Inferência nº [1020],4-104.bin,4,4,Correta,18339430
Inferência nº [1021],6-28.bin,0,6,Incorreta,1592930
Inferência nº [1022],4-117.bin,4,4,Correta,18331660
Inferência nº [1023],1-177.bin,0,1,Incorreta,1597740
Inferência nº [1024],3-142.bin,3,3,Correta,18338670
Inferência nº [1025],6-78.bin,0,6,Incorreta,1597590
Inferência nº [1026],2-47.bin,2,2,Correta,18356080
Inferência nº [1027],6-100.bin,0,6,Incorreta,1591020
Inferência nº [1028],9-61.bin,8,9,Incorreta,18361950
Inferência nº [1029],1-43.bin,0,1,Incorreta,1597770
Inferência nº [1030],0.01.bin,0,0,Correta,18357180
Inferência nº [1031],4-69.bin,0,4,Incorreta,1593500
Inferência nº [1032],6-49.bin,6,6,Correta,18354760
Inferência nº [1033],0.123.bin,0,0,Correta,1598460
Inferência nº [1034],5-173.bin,3,5,Incorreta,18356840
Inferência nº [1035],7-49.bin,0,7,Incorreta,1592730
Inferência nº [1036],1-42.bin,1,1,Correta,18353310
Inferência nº [1037],9-179.bin,0,9,Incorreta,1597690
Inferência nº [1038],0.120.bin,0,0,Correta,18352700
Inferência nº [1039],8-184.bin,0,8,Incorreta,1600830
Inferência nº [1040],6-173.bin,6,6,Correta,18354390
Inferência nº [1041],2-82.bin,0,2,Incorreta,1598080
Inferência nº [1042],3-198.bin,8,3,Incorreta,18345530
Inferência nº [1043],5-49.bin,0,5,Incorreta,1614210
Inferência nº [1044],8-167.bin,8,8,Correta,18335580
Inferência nº [1045],5-45.bin,0,5,Incorreta,1617550
Inferência nº [1046],5-17.bin,8,5,Incorreta,18325400
Inferência nº [1047],8-179.bin,0,8,Incorreta,1615960
Inferência nº [1048],2-98.bin,2,2,Correta,18334190
Inferência nº [1049],6-129.bin,0,6,Incorreta,1617100
Inferência nº [1050],3-62.bin,4,3,Incorreta,18329080
Inferência nº [1051],3-80.bin,0,3,Incorreta,1614450
Inferência nº [1052],8-115.bin,8,8,Correta,18340610
Inferência nº [1053],8-154.bin,0,8,Incorreta,1625940
Inferência nº [1054],0.110.bin,8,0,Incorreta,18328460
Inferência nº [1055],5-35.bin,0,5,Incorreta,1615560
Inferência nº [1056],8-99.bin,2,8,Incorreta,18339290
Inferência nº [1057],0.95.bin,0,0,Correta,1618670
Inferência nº [1058],9-169.bin,9,9,Correta,18326960
Inferência nº [1059],7-121.bin,0,7,Incorreta,1613380
Inferência nº [1060],7-133.bin,7,7,Correta,18356330
Inferência nº [1061],5-79.bin,0,5,Incorreta,1601420
Inferência nº [1062],2-115.bin,2,2,Correta,18324800
Inferência nº [1063],1-183.bin,0,1,Incorreta,1595710
Inferência nº [1064],3-97.bin,3,3,Correta,18326660
Inferência nº [1065],7-183.bin,0,7,Incorreta,1685020
Inferência nº [1066],0.20.bin,0,0,Correta,18328100
Inferência nº [1067],3-152.bin,0,3,Incorreta,1597760
Inferência nº [1068],0.100.bin,8,0,Incorreta,18335210
Inferência nº [1069],0.57.bin,0,0,Correta,1682080
Inferência nº [1070],9-171.bin,9,9,Correta,18400590
Inferência nº [1071],5-121.bin,0,5,Incorreta,1597820
Inferência nº [1072],9-76.bin,9,9,Correta,18338120
Inferência nº [1073],9-33.bin,0,9,Incorreta,1592260
Inferência nº [1074],0.52.bin,0,0,Correta,18333580
Inferência nº [1075],0.05.bin,0,0,Correta,1596310
Inferência nº [1076],3-181.bin,8,3,Incorreta,18328300
Inferência nº [1077],6-75.bin,0,6,Incorreta,1597310
Inferência nº [1078],4-114.bin,8,4,Incorreta,18332870
Inferência nº [1079],1-32.bin,0,1,Incorreta,1598710
Inferência nº [1080],5-75.bin,8,5,Incorreta,18461490
Inferência nº [1081],7-95.bin,0,7,Incorreta,1715990
Inferência nº [1082],1-33.bin,1,1,Correta,18447220
Inferência nº [1083],7-17.bin,0,7,Incorreta,1712330
Inferência nº [1084],0.03.bin,0,0,Correta,18474950
Inferência nº [1085],4-52.bin,0,4,Incorreta,1702640
Inferência nº [1086],0.141.bin,0,0,Correta,18438390
Inferência nº [1087],5-25.bin,0,5,Incorreta,1703770
Inferência nº [1088],4-196.bin,9,4,Incorreta,18474950
Inferência nº [1089],7-07.bin,0,7,Incorreta,1712320
Inferência nº [1090],3-128.bin,3,3,Correta,18449260
Inferência nº [1091],9-175.bin,0,9,Incorreta,1711050
Inferência nº [1092],1-196.bin,1,1,Correta,18474280
Inferência nº [1093],9-68.bin,0,9,Incorreta,1702360
Inferência nº [1094],7-185.bin,7,7,Correta,18442850
Inferência nº [1095],2-81.bin,0,2,Incorreta,1700170
Inferência nº [1096],4-184.bin,8,4,Incorreta,18471260
Inferência nº [1097],2-38.bin,0,2,Incorreta,1716180
Inferência nº [1098],0.158.bin,0,0,Correta,18464420
Inferência nº [1099],4-09.bin,0,4,Incorreta,1709670
Inferência nº [1100],4-163.bin,8,4,Incorreta,18493690
Inferência nº [1101],0.173.bin,0,0,Correta,1707220
Inferência nº [1102],9-84.bin,8,9,Incorreta,18452850
Inferência nº [1103],1-99.bin,0,1,Incorreta,1699540
Inferência nº [1104],4-101.bin,8,4,Incorreta,18476820
Inferência nº [1105],7-167.bin,0,7,Incorreta,1734020
Inferência nº [1106],8-86.bin,8,8,Correta,18441670
Inferência nº [1107],6-15.bin,0,6,Incorreta,1727970
Inferência nº [1108],6-05.bin,8,6,Incorreta,18466840
Inferência nº [1109],3-22.bin,0,3,Incorreta,1735080
Inferência nº [1110],8-153.bin,8,8,Correta,18447360
Inferência nº [1111],8-88.bin,0,8,Incorreta,1713990
Inferência nº [1112],1-130.bin,1,1,Correta,18477940
Inferência nº [1113],4-10.bin,0,4,Incorreta,1703690
Inferência nº [1114],0.81.bin,0,0,Correta,18440080
Inferência nº [1115],2-129.bin,0,2,Incorreta,1705650
Inferência nº [1116],8-164.bin,8,8,Correta,18474180
Inferência nº [1117],8-151.bin,0,8,Incorreta,1712040
Inferência nº [1118],8-91.bin,8,8,Correta,18453540
Inferência nº [1119],6-86.bin,0,6,Incorreta,1713470
Inferência nº [1120],4-134.bin,4,4,Correta,18479530
Inferência nº [1121],8-123.bin,0,8,Incorreta,1701060
Inferência nº [1122],4-92.bin,8,4,Incorreta,18439980
Inferência nº [1123],7-44.bin,0,7,Incorreta,1700220
Inferência nº [1124],1-92.bin,1,1,Correta,18467960
Inferência nº [1125],8-183.bin,0,8,Incorreta,1715650
Inferência nº [1126],9-62.bin,8,9,Incorreta,18445780
Inferência nº [1127],4-174.bin,0,4,Incorreta,1711320
Inferência nº [1128],8-50.bin,2,8,Incorreta,18496210
Inferência nº [1129],9-44.bin,0,9,Incorreta,1707370
Inferência nº [1130],8-38.bin,8,8,Correta,18441390
Inferência nº [1131],6-24.bin,0,6,Incorreta,1699650
Inferência nº [1132],9-196.bin,9,9,Correta,18479810
Inferência nº [1133],2-84.bin,0,2,Incorreta,1714240
Inferência nº [1134],7-156.bin,7,7,Correta,18450230
Inferência nº [1135],1-117.bin,0,1,Incorreta,1712520
Inferência nº [1136],1-89.bin,8,1,Incorreta,18503310
Inferência nº [1137],5-141.bin,0,5,Incorreta,1714540
Inferência nº [1138],8-150.bin,8,8,Correta,18468240
Inferência nº [1139],8-147.bin,0,8,Incorreta,1714160
Inferência nº [1140],0.04.bin,0,0,Correta,18498220
Inferência nº [1141],3-40.bin,0,3,Incorreta,1733080
Inferência nº [1142],9-143.bin,9,9,Correta,18449150
Inferência nº [1143],8-129.bin,0,8,Incorreta,1735500
Inferência nº [1144],3-120.bin,8,3,Incorreta,18477750
Inferência nº [1145],6-107.bin,0,6,Incorreta,1726850
Inferência nº [1146],9-122.bin,2,9,Incorreta,18439770
Inferência nº [1147],6-128.bin,0,6,Incorreta,1713480
Inferência nº [1148],5-200.bin,8,5,Incorreta,18477010
Inferência nº [1149],5-10.bin,0,5,Incorreta,1712790
Inferência nº [1150],5-178.bin,3,5,Incorreta,18444160
Inferência nº [1151],6-195.bin,0,6,Incorreta,1700740
Inferência nº [1152],2-45.bin,2,2,Correta,18473440
Inferência nº [1153],4-86.bin,0,4,Incorreta,1716610
Inferência nº [1154],6-44.bin,8,6,Incorreta,18448320
Inferência nº [1155],7-61.bin,0,7,Incorreta,1701680
Inferência nº [1156],3-65.bin,8,3,Incorreta,18478330
Inferência nº [1157],8-19.bin,0,8,Incorreta,1715810
Inferência nº [1158],6-168.bin,6,6,Correta,18449140
Inferência nº [1159],4-38.bin,0,4,Incorreta,1711690
Inferência nº [1160],7-136.bin,7,7,Correta,18481700
Inferência nº [1161],6-01.bin,0,6,Incorreta,1703400
Inferência nº [1162],8-51.bin,8,8,Correta,18438740
Inferência nº [1163],4-73.bin,0,4,Incorreta,1702960
Inferência nº [1164],0.11.bin,8,0,Incorreta,18477690
Inferência nº [1165],3-75.bin,0,3,Incorreta,1713670
Inferência nº [1166],0.92.bin,0,0,Correta,18449760
Inferência nº [1167],3-140.bin,0,3,Incorreta,1714590
Inferência nº [1168],4-60.bin,4,4,Correta,18477960
Inferência nº [1169],0.137.bin,0,0,Correta,1702950
Inferência nº [1170],8-166.bin,8,8,Correta,18437820
Inferência nº [1171],6-06.bin,0,6,Incorreta,1700430
Inferência nº [1172],8-07.bin,8,8,Correta,18494990
Inferência nº [1173],3-69.bin,0,3,Incorreta,1714770
Inferência nº [1174],2-77.bin,2,2,Correta,18472760
Inferência nº [1175],5-128.bin,0,5,Incorreta,1708630
Inferência nº [1176],0.169.bin,0,0,Correta,18486800
Inferência nº [1177],5-54.bin,0,5,Incorreta,1754720
Inferência nº [1178],6-121.bin,6,6,Correta,18444430
Inferência nº [1179],0.08.bin,0,0,Correta,1720170
Inferência nº [1180],5-165.bin,3,5,Incorreta,18477720
Inferência nº [1181],6-106.bin,0,6,Incorreta,1737210
Inferência nº [1182],3-189.bin,3,3,Correta,18446550
Inferência nº [1183],2-49.bin,0,2,Incorreta,1708390
Inferência nº [1184],3-02.bin,3,3,Correta,18474340
Inferência nº [1185],1-162.bin,0,1,Incorreta,1711910
Inferência nº [1186],4-79.bin,4,4,Correta,18439500
Inferência nº [1187],8-176.bin,0,8,Incorreta,1710580
Inferência nº [1188],0.54.bin,0,0,Correta,18478110
Inferência nº [1189],0.164.bin,0,0,Correta,1712960
Inferência nº [1190],8-83.bin,8,8,Correta,18449330
Inferência nº [1191],2-32.bin,0,2,Incorreta,1715010
Inferência nº [1192],7-157.bin,7,7,Correta,18488470
Inferência nº [1193],6-12.bin,0,6,Incorreta,1790420
Inferência nº [1194],1-149.bin,1,1,Correta,18441010
Inferência nº [1195],2-40.bin,0,2,Incorreta,1703100
Inferência nº [1196],6-158.bin,6,6,Correta,18475490
Inferência nº [1197],2-103.bin,0,2,Incorreta,1714460
Inferência nº [1198],5-34.bin,5,5,Correta,18450360
Inferência nº [1199],5-139.bin,0,5,Incorreta,1711650
Inferência nº [1200],0.12.bin,0,0,Correta,18477380
Inferência nº [1201],3-78.bin,0,3,Incorreta,1706740
Inferência nº [1202],7-41.bin,7,7,Correta,18437170
Inferência nº [1203],7-110.bin,0,7,Incorreta,1699110
Inferência nº [1204],7-80.bin,7,7,Correta,18472390
Inferência nº [1205],4-83.bin,0,4,Incorreta,1717900
Inferência nº [1206],5-133.bin,8,5,Incorreta,18448240
Inferência nº [1207],0.134.bin,0,0,Correta,1712280
Inferência nº [1208],2-53.bin,2,2,Correta,18496570
Inferência nº [1209],1-172.bin,0,1,Incorreta,1704120
Inferência nº [1210],2-80.bin,2,2,Correta,18458140
Inferência nº [1211],2-174.bin,0,2,Incorreta,1701150
Inferência nº [1212],1-151.bin,1,1,Correta,18520250
Inferência nº [1213],3-141.bin,0,3,Incorreta,1702260
Inferência nº [1214],8-108.bin,8,8,Correta,18440470
Inferência nº [1215],8-101.bin,0,8,Incorreta,1734810
Inferência nº [1216],1-40.bin,1,1,Correta,18478120
Inferência nº [1217],7-55.bin,0,7,Incorreta,1733290
Inferência nº [1218],9-43.bin,9,9,Correta,18441480
Inferência nº [1219],6-72.bin,0,6,Incorreta,1725610
Inferência nº [1220],6-141.bin,6,6,Correta,18474240
Inferência nº [1221],7-186.bin,0,7,Incorreta,1714560
Inferência nº [1222],1-62.bin,1,1,Correta,18447330
Inferência nº [1223],2-187.bin,0,2,Incorreta,1710100
Inferência nº [1224],5-131.bin,5,5,Correta,18475620
Inferência nº [1225],3-72.bin,0,3,Incorreta,1711700
Inferência nº [1226],3-91.bin,3,3,Correta,18444660
Inferência nº [1227],0.22.bin,0,0,Correta,1700430
Inferência nº [1228],5-136.bin,8,5,Incorreta,18470910
Inferência nº [1229],1-75.bin,0,1,Incorreta,1714350
Inferência nº [1230],8-140.bin,8,8,Correta,18450660
Inferência nº [1231],8-55.bin,0,8,Incorreta,1704390
Inferência nº [1232],1-39.bin,1,1,Correta,18480730
Inferência nº [1233],5-16.bin,0,5,Incorreta,1714270
Inferência nº [1234],7-29.bin,8,7,Incorreta,18446410
Inferência nº [1235],1-138.bin,0,1,Incorreta,1711330
Inferência nº [1236],9-133.bin,9,9,Correta,18481140
Inferência nº [1237],0.148.bin,0,0,Correta,1704720
Inferência nº [1238],1-145.bin,1,1,Correta,18436840
Inferência nº [1239],1-187.bin,0,1,Incorreta,1699430
Inferência nº [1240],6-190.bin,8,6,Incorreta,18478650
Inferência nº [1241],7-118.bin,0,7,Incorreta,1715320
Inferência nº [1242],1-107.bin,8,1,Incorreta,18446890
Inferência nº [1243],8-144.bin,0,8,Incorreta,1712880
Inferência nº [1244],3-89.bin,3,3,Correta,18476280
Inferência nº [1245],9-01.bin,0,9,Incorreta,1702240
Inferência nº [1246],8-81.bin,8,8,Correta,18454420
Inferência nº [1247],2-54.bin,0,2,Incorreta,1699160
Inferência nº [1248],3-123.bin,3,3,Correta,18492570
Inferência nº [1249],5-100.bin,0,5,Incorreta,1713020
Inferência nº [1250],2-198.bin,2,2,Correta,18471840
Inferência nº [1251],9-131.bin,0,9,Incorreta,1729860
Inferência nº [1252],2-70.bin,2,2,Correta,18467960
Inferência nº [1253],8-08.bin,0,8,Incorreta,1736300
Inferência nº [1254],4-41.bin,8,4,Incorreta,18447920
Inferência nº [1255],2-164.bin,0,2,Incorreta,1729530
Inferência nº [1256],0.93.bin,6,0,Incorreta,18471240
Inferência nº [1257],8-180.bin,0,8,Incorreta,1717680
Inferência nº [1258],2-143.bin,2,2,Correta,18447340
Inferência nº [1259],1-21.bin,0,1,Incorreta,1710890
Inferência nº [1260],5-158.bin,3,5,Incorreta,18477720
Inferência nº [1261],5-161.bin,0,5,Incorreta,1710980
Inferência nº [1262],7-179.bin,8,7,Incorreta,18443130
Inferência nº [1263],3-119.bin,0,3,Incorreta,1702000
Inferência nº [1264],8-142.bin,8,8,Correta,18475590
Inferência nº [1265],5-172.bin,0,5,Incorreta,1713030
Inferência nº [1266],5-23.bin,7,5,Incorreta,18448170
Inferência nº [1267],0.94.bin,0,0,Correta,1711800
Inferência nº [1268],1-131.bin,1,1,Correta,18480590
Inferência nº [1269],6-109.bin,0,6,Incorreta,1714320
Inferência nº [1270],3-116.bin,1,3,Incorreta,18446200
Inferência nº [1271],5-104.bin,0,5,Incorreta,1710580
Inferência nº [1272],9-15.bin,9,9,Correta,18475810
Inferência nº [1273],3-03.bin,0,3,Incorreta,1703140
Inferência nº [1274],1-70.bin,8,1,Incorreta,18442020
Inferência nº [1275],1-147.bin,0,1,Incorreta,1714160
Inferência nº [1276],4-46.bin,4,4,Correta,18478960
Inferência nº [1277],3-88.bin,0,3,Incorreta,1712490
Inferência nº [1278],2-97.bin,2,2,Correta,18449610
Inferência nº [1279],2-56.bin,0,2,Incorreta,1710020
Inferência nº [1280],3-185.bin,3,3,Correta,18476010
Inferência nº [1281],4-93.bin,0,4,Incorreta,1705960
Inferência nº [1282],0.188.bin,0,0,Correta,18463150
Inferência nº [1283],3-171.bin,0,3,Incorreta,1709450
Inferência nº [1284],2-89.bin,2,2,Correta,18493270
Inferência nº [1285],4-04.bin,0,4,Incorreta,1714250
Inferência nº [1286],1-76.bin,1,1,Correta,18465360
Inferência nº [1287],3-50.bin,0,3,Incorreta,1698460
Inferência nº [1288],8-70.bin,8,8,Correta,18476460
Inferência nº [1289],4-180.bin,0,4,Incorreta,1736180
Inferência nº [1290],1-194.bin,1,1,Correta,18447320
Inferência nº [1291],1-23.bin,0,1,Incorreta,1730440
Inferência nº [1292],8-188.bin,8,8,Correta,18474820
Inferência nº [1293],8-118.bin,0,8,Incorreta,1737100
Inferência nº [1294],8-48.bin,8,8,Correta,18449340
Inferência nº [1295],2-34.bin,0,2,Incorreta,1713520
Inferência nº [1296],1-85.bin,1,1,Correta,18475970
Inferência nº [1297],9-190.bin,0,9,Incorreta,1700870
Inferência nº [1298],2-124.bin,8,2,Incorreta,18441270
Inferência nº [1299],5-110.bin,0,5,Incorreta,1703440
Inferência nº [1300],2-58.bin,2,2,Correta,18471170
Inferência nº [1301],5-113.bin,0,5,Incorreta,1713330
Inferência nº [1302],9-71.bin,9,9,Correta,18449560
Inferência nº [1303],3-190.bin,0,3,Incorreta,1712150
Inferência nº [1304],8-32.bin,8,8,Correta,18476210
Inferência nº [1305],9-46.bin,0,9,Incorreta,1727610
Inferência nº [1306],7-122.bin,7,7,Correta,18459090
Inferência nº [1307],3-20.bin,0,3,Incorreta,1711140
Inferência nº [1308],5-183.bin,5,5,Correta,18483600
Inferência nº [1309],9-188.bin,0,9,Incorreta,1718220
Inferência nº [1310],0.172.bin,0,0,Correta,18448810
Inferência nº [1311],4-159.bin,0,4,Incorreta,1713380
Inferência nº [1312],9-162.bin,9,9,Correta,18484640
Inferência nº [1313],6-43.bin,0,6,Incorreta,1712200
Inferência nº [1314],5-114.bin,3,5,Incorreta,18452520
Inferência nº [1315],0.76.bin,0,0,Correta,1701830
Inferência nº [1316],4-185.bin,4,4,Correta,18496330
Inferência nº [1317],5-148.bin,0,5,Incorreta,1800480
Inferência nº [1318],7-32.bin,7,7,Correta,18468660
Inferência nº [1319],8-171.bin,0,8,Incorreta,1713410
Inferência nº [1320],3-109.bin,8,3,Incorreta,18501430
Inferência nº [1321],7-21.bin,0,7,Incorreta,1712760
Inferência nº [1322],6-163.bin,8,6,Incorreta,18465880
Inferência nº [1323],3-13.bin,0,3,Incorreta,1716980
Inferência nº [1324],3-07.bin,3,3,Correta,18478510
Inferência nº [1325],5-27.bin,0,5,Incorreta,1723980
Inferência nº [1326],3-183.bin,3,3,Correta,18438340
Inferência nº [1327],2-42.bin,0,2,Incorreta,1728420
Inferência nº [1328],5-169.bin,8,5,Incorreta,18477170
Inferência nº [1329],8-119.bin,0,8,Incorreta,1733560
Inferência nº [1330],4-115.bin,4,4,Correta,18444220
Inferência nº [1331],3-132.bin,0,3,Incorreta,1700130
Inferência nº [1332],2-23.bin,2,2,Correta,18475180
Inferência nº [1333],7-13.bin,0,7,Incorreta,1718730
Inferência nº [1334],9-97.bin,9,9,Correta,18448990
Inferência nº [1335],5-57.bin,0,5,Incorreta,1711670
Inferência nº [1336],3-117.bin,8,3,Incorreta,18475480
Inferência nº [1337],7-164.bin,0,7,Incorreta,1706010
Inferência nº [1338],2-181.bin,2,2,Correta,18444540
Inferência nº [1339],3-192.bin,0,3,Incorreta,1702400
Inferência nº [1340],7-131.bin,7,7,Correta,18487580
Inferência nº [1341],3-26.bin,0,3,Incorreta,1717090
Inferência nº [1342],6-82.bin,8,6,Incorreta,18449850
Inferência nº [1343],4-121.bin,0,4,Incorreta,1710700
Inferência nº [1344],9-81.bin,8,9,Incorreta,18482360
Inferência nº [1345],5-33.bin,0,5,Incorreta,1702410
Inferência nº [1346],0.90.bin,0,0,Correta,18441290
Inferência nº [1347],8-11.bin,0,8,Incorreta,1703710
Inferência nº [1348],3-96.bin,3,3,Correta,18471550
Inferência nº [1349],9-23.bin,0,9,Incorreta,1711870
Inferência nº [1350],8-174.bin,8,8,Correta,18447410
Inferência nº [1351],6-200.bin,0,6,Incorreta,1713250
Inferência nº [1352],5-14.bin,8,5,Incorreta,18476620
Inferência nº [1353],8-139.bin,0,8,Incorreta,1712880
Inferência nº [1354],0.45.bin,0,0,Correta,18449630
Inferência nº [1355],8-192.bin,0,8,Incorreta,1711820
Inferência nº [1356],1-01.bin,1,1,Correta,18496990
Inferência nº [1357],0.179.bin,0,0,Correta,1712640
Inferência nº [1358],2-151.bin,2,2,Correta,18477720
Inferência nº [1359],6-188.bin,0,6,Incorreta,1710720
Inferência nº [1360],9-59.bin,9,9,Correta,18491660
Inferência nº [1361],2-155.bin,0,2,Incorreta,1736090
Inferência nº [1362],7-40.bin,9,7,Incorreta,18440460
Inferência nº [1363],8-28.bin,0,8,Incorreta,1730860
Inferência nº [1364],5-137.bin,5,5,Correta,18483740
Inferência nº [1365],5-197.bin,0,5,Incorreta,1724120
Inferência nº [1366],0.109.bin,8,0,Incorreta,18438800
Inferência nº [1367],5-76.bin,0,5,Incorreta,1712220
Inferência nº [1368],9-85.bin,4,9,Incorreta,18478360
Inferência nº [1369],3-85.bin,0,3,Incorreta,1714140
Inferência nº [1370],1-95.bin,1,1,Correta,18443570
Inferência nº [1371],9-154.bin,0,9,Incorreta,1700110
Inferência nº [1372],1-61.bin,1,1,Correta,18476110
Inferência nº [1373],5-89.bin,0,5,Incorreta,1716150
Inferência nº [1374],9-65.bin,9,9,Correta,18448340
Inferência nº [1375],3-143.bin,0,3,Incorreta,1716200
Inferência nº [1376],5-124.bin,8,5,Incorreta,18479550
Inferência nº [1377],5-43.bin,0,5,Incorreta,1703140
Inferência nº [1378],9-103.bin,9,9,Correta,18443610
Inferência nº [1379],8-162.bin,0,8,Incorreta,1701440
Inferência nº [1380],6-120.bin,6,6,Correta,18472850
Inferência nº [1381],6-113.bin,0,6,Incorreta,1715020
Inferência nº [1382],0.183.bin,0,0,Correta,18446030
Inferência nº [1383],4-199.bin,0,4,Incorreta,1714120
Inferência nº [1384],1-69.bin,1,1,Correta,18483270
Inferência nº [1385],9-20.bin,0,9,Incorreta,1716820
Inferência nº [1386],7-97.bin,8,7,Incorreta,18446260
Inferência nº [1387],7-147.bin,0,7,Incorreta,1708980
Inferência nº [1388],2-122.bin,4,2,Incorreta,18477390
Inferência nº [1389],2-141.bin,0,2,Incorreta,1728130
Inferência nº [1390],1-199.bin,1,1,Correta,18448240
Inferência nº [1391],7-111.bin,0,7,Incorreta,1712930
Inferência nº [1392],8-194.bin,8,8,Correta,18495020
Inferência nº [1393],6-185.bin,0,6,Incorreta,1704680
Inferência nº [1394],2-126.bin,2,2,Correta,18456330
Inferência nº [1395],8-45.bin,0,8,Incorreta,1702840
Inferência nº [1396],4-06.bin,8,4,Incorreta,18502520
Inferência nº [1397],9-63.bin,0,9,Incorreta,1735130
Inferência nº [1398],3-161.bin,3,3,Correta,18438850
Inferência nº [1399],4-193.bin,0,4,Incorreta,1727070
Inferência nº [1400],7-134.bin,8,7,Incorreta,18477710
Inferência nº [1401],7-100.bin,0,7,Incorreta,1733780
Inferência nº [1402],3-15.bin,3,3,Correta,18446620
Inferência nº [1403],5-90.bin,0,5,Incorreta,1736320
Inferência nº [1404],9-105.bin,9,9,Correta,18482480
Inferência nº [1405],3-29.bin,0,3,Incorreta,1716740
Inferência nº [1406],3-136.bin,8,3,Incorreta,18462670
Inferência nº [1407],0.145.bin,0,0,Correta,1714180
Inferência nº [1408],5-157.bin,8,5,Incorreta,18478690
Inferência nº [1409],6-68.bin,0,6,Incorreta,1716120
Inferência nº [1410],9-40.bin,7,9,Incorreta,18452660
Inferência nº [1411],3-139.bin,0,3,Incorreta,1715530
Inferência nº [1412],9-86.bin,7,9,Incorreta,18480980
Inferência nº [1413],2-28.bin,0,2,Incorreta,1706490
Inferência nº [1414],7-23.bin,8,7,Incorreta,18438300
Inferência nº [1415],1-190.bin,0,1,Incorreta,1701040
Inferência nº [1416],0.101.bin,0,0,Correta,18465890
Inferência nº [1417],5-107.bin,0,5,Incorreta,1714040
Inferência nº [1418],0.154.bin,8,0,Incorreta,18449560
Inferência nº [1419],1-142.bin,0,1,Incorreta,1711560
Inferência nº [1420],1-144.bin,1,1,Correta,18482190
Inferência nº [1421],6-40.bin,0,6,Incorreta,1704770
Inferência nº [1422],0.192.bin,8,0,Incorreta,18443550
Inferência nº [1423],5-189.bin,0,5,Incorreta,1701030
Inferência nº [1424],1-08.bin,1,1,Correta,18472720
Inferência nº [1425],0.15.bin,0,0,Correta,1714570
Inferência nº [1426],4-142.bin,8,4,Incorreta,18448900
Inferência nº [1427],9-47.bin,0,9,Incorreta,1716150
Inferência nº [1428],6-132.bin,8,6,Incorreta,18480370
Inferência nº [1429],1-182.bin,0,1,Incorreta,1712340
Inferência nº [1430],5-81.bin,5,5,Correta,18456810
Inferência nº [1431],2-39.bin,0,2,Incorreta,1700890
Inferência nº [1432],8-110.bin,8,8,Correta,18491910
Inferência nº [1433],5-109.bin,0,5,Incorreta,1714450
Inferência nº [1434],4-108.bin,4,4,Correta,18476540
Inferência nº [1435],2-182.bin,0,2,Incorreta,1729380
Inferência nº [1436],7-177.bin,7,7,Correta,18467120
Inferência nº [1437],5-38.bin,0,5,Incorreta,1735570
Inferência nº [1438],8-80.bin,8,8,Correta,18448250
Inferência nº [1439],1-192.bin,0,1,Incorreta,1728500
Inferência nº [1440],0.43.bin,0,0,Correta,18507000
Inferência nº [1441],7-58.bin,0,7,Incorreta,1806710
Inferência nº [1442],1-97.bin,1,1,Correta,18450740
Inferência nº [1443],5-24.bin,0,5,Incorreta,1711990
Inferência nº [1444],7-26.bin,7,7,Correta,18479960
Inferência nº [1445],8-77.bin,0,8,Incorreta,1703680
Inferência nº [1446],0.50.bin,0,0,Correta,18440690
Inferência nº [1447],8-62.bin,0,8,Incorreta,1700990
Inferência nº [1448],9-09.bin,8,9,Incorreta,18469220
Inferência nº [1449],7-60.bin,0,7,Incorreta,1714780
Inferência nº [1450],7-36.bin,9,7,Incorreta,18450510
Inferência nº [1451],4-05.bin,0,4,Incorreta,1715330
Inferência nº [1452],8-135.bin,8,8,Correta,18479820
Inferência nº [1453],4-61.bin,0,4,Incorreta,1710730
Inferência nº [1454],4-22.bin,9,4,Incorreta,18443610
Inferência nº [1455],1-158.bin,0,1,Incorreta,1701860
Inferência nº [1456],8-74.bin,8,8,Correta,18526930
Inferência nº [1457],5-05.bin,0,5,Incorreta,1719610
Inferência nº [1458],8-42.bin,8,8,Correta,18453290
Inferência nº [1459],3-118.bin,0,3,Incorreta,1714240
Inferência nº [1460],6-93.bin,6,6,Correta,18485970
Inferência nº [1461],7-08.bin,0,7,Incorreta,1704060
Inferência nº [1462],2-52.bin,7,2,Incorreta,18437710
Inferência nº [1463],6-110.bin,0,6,Incorreta,1703970
Inferência nº [1464],7-14.bin,7,7,Correta,18496770
Inferência nº [1465],0.84.bin,0,0,Correta,1713810
Inferência nº [1466],9-170.bin,8,9,Incorreta,18470910
Inferência nº [1467],1-34.bin,0,1,Incorreta,1703840
Inferência nº [1468],1-68.bin,1,1,Correta,18485760
Inferência nº [1469],7-51.bin,0,7,Incorreta,1752470
Inferência nº [1470],6-194.bin,8,6,Incorreta,18449370
Inferência nº [1471],3-92.bin,0,3,Incorreta,1729740
Inferência nº [1472],3-173.bin,3,3,Correta,18478320
Inferência nº [1473],4-132.bin,0,4,Incorreta,1736720
Inferência nº [1474],4-47.bin,4,4,Correta,18443190
Inferência nº [1475],0.06.bin,0,0,Correta,1701830
Inferência nº [1476],0.117.bin,8,0,Incorreta,18467830
Inferência nº [1477],2-121.bin,0,2,Incorreta,1716910
Inferência nº [1478],5-91.bin,5,5,Correta,18446560
Inferência nº [1479],9-64.bin,0,9,Incorreta,1712640
Inferência nº [1480],9-99.bin,9,9,Correta,18479050
Inferência nº [1481],2-50.bin,0,2,Incorreta,1710450
Inferência nº [1482],8-97.bin,8,8,Correta,18443890
Inferência nº [1483],8-106.bin,0,8,Incorreta,1700360
Inferência nº [1484],5-101.bin,5,5,Correta,18474290
Inferência nº [1485],2-85.bin,0,2,Incorreta,1714000
Inferência nº [1486],4-153.bin,8,4,Incorreta,18447230
Inferência nº [1487],3-67.bin,0,3,Incorreta,1711130
Inferência nº [1488],2-96.bin,2,2,Correta,18480940
Inferência nº [1489],8-46.bin,0,8,Incorreta,1735730
Inferência nº [1490],6-54.bin,6,6,Correta,18453670
Inferência nº [1491],5-99.bin,0,5,Incorreta,1712260
Inferência nº [1492],2-173.bin,2,2,Correta,18480110
Inferência nº [1493],2-92.bin,0,2,Incorreta,1713150
Inferência nº [1494],1-25.bin,1,1,Correta,18441100
Inferência nº [1495],7-137.bin,0,7,Incorreta,1709690
Inferência nº [1496],6-84.bin,6,6,Correta,18477960
Inferência nº [1497],7-102.bin,0,7,Incorreta,1716470
Inferência nº [1498],7-129.bin,7,7,Correta,18469870
Inferência nº [1499],4-135.bin,0,4,Incorreta,1699580
Inferência nº [1500],2-74.bin,2,2,Correta,18485770
Inferência nº [1501],3-68.bin,0,3,Incorreta,1719580
Inferência nº [1502],4-148.bin,4,4,Correta,18478020
Inferência nº [1503],2-175.bin,0,2,Incorreta,1750990
Inferência nº [1504],4-100.bin,4,4,Correta,18475960
Inferência nº [1505],7-130.bin,0,7,Incorreta,1737440
Inferência nº [1506],1-111.bin,3,1,Incorreta,18447380
Inferência nº [1507],6-80.bin,0,6,Incorreta,1727010
Inferência nº [1508],4-37.bin,9,4,Incorreta,18418420
Inferência nº [1509],3-130.bin,0,3,Incorreta,1601120
Inferência nº [1510],2-102.bin,2,2,Correta,18325320
Inferência nº [1511],4-70.bin,0,4,Incorreta,1597620
Inferência nº [1512],6-150.bin,8,6,Incorreta,18338700
Inferência nº [1513],7-174.bin,0,7,Incorreta,1675110
Inferência nº [1514],9-125.bin,8,9,Incorreta,18337120
Inferência nº [1515],2-106.bin,0,2,Incorreta,1592810
Inferência nº [1516],5-191.bin,5,5,Correta,18337060
Inferência nº [1517],9-37.bin,0,9,Incorreta,1690630
Inferência nº [1518],2-119.bin,2,2,Correta,18327180
Inferência nº [1519],6-140.bin,0,6,Incorreta,1600050
Inferência nº [1520],7-148.bin,8,7,Incorreta,18386950
Inferência nº [1521],1-198.bin,0,1,Incorreta,1599890
Inferência nº [1522],9-80.bin,9,9,Correta,18326960
Inferência nº [1523],3-56.bin,0,3,Incorreta,1600390
Inferência nº [1524],3-186.bin,3,3,Correta,18339410
Inferência nº [1525],6-60.bin,0,6,Incorreta,1597960
Inferência nº [1526],7-168.bin,8,7,Incorreta,18333250
Inferência nº [1527],7-109.bin,0,7,Incorreta,1597890
Inferência nº [1528],3-114.bin,8,3,Incorreta,18328350
Inferência nº [1529],8-138.bin,0,8,Incorreta,1598990
Inferência nº [1530],0.34.bin,0,0,Correta,18335290
Inferência nº [1531],7-112.bin,0,7,Incorreta,1604190
Inferência nº [1532],9-149.bin,3,9,Incorreta,18337440
Inferência nº [1533],3-53.bin,0,3,Incorreta,1599510
Inferência nº [1534],2-195.bin,8,2,Incorreta,18329250
Inferência nº [1535],4-112.bin,0,4,Incorreta,1596380
Inferência nº [1536],2-192.bin,8,2,Incorreta,18337130
Inferência nº [1537],2-24.bin,0,2,Incorreta,1593090
Inferência nº [1538],5-96.bin,8,5,Incorreta,18335530
Inferência nº [1539],6-89.bin,0,6,Incorreta,1609720
Inferência nº [1540],2-120.bin,3,2,Incorreta,18329650
Inferência nº [1541],9-155.bin,0,9,Incorreta,1600030
Inferência nº [1542],6-122.bin,6,6,Correta,18338410
Inferência nº [1543],3-05.bin,0,3,Incorreta,1591230
Inferência nº [1544],9-126.bin,9,9,Correta,18335600
Inferência nº [1545],8-102.bin,0,8,Incorreta,1598180
Inferência nº [1546],0.136.bin,0,0,Correta,18328640
Inferência nº [1547],1-11.bin,0,1,Incorreta,1597380
Inferência nº [1548],2-125.bin,2,2,Correta,18336270
Inferência nº [1549],5-61.bin,0,5,Incorreta,1596640
Inferência nº [1550],2-137.bin,8,2,Incorreta,18332670
Inferência nº [1551],3-100.bin,0,3,Incorreta,1596580
Inferência nº [1552],8-116.bin,8,8,Correta,18328220
Inferência nº [1553],6-36.bin,0,6,Incorreta,1599570
Inferência nº [1554],1-71.bin,1,1,Correta,18332010
Inferência nº [1555],3-19.bin,0,3,Incorreta,1598630
Inferência nº [1556],9-183.bin,9,9,Correta,18335530
Inferência nº [1557],6-174.bin,0,6,Incorreta,1602960
Inferência nº [1558],9-158.bin,9,9,Correta,18333200
Inferência nº [1559],2-08.bin,0,2,Incorreta,1596400
Inferência nº [1560],3-101.bin,8,3,Incorreta,18329480
Inferência nº [1561],7-171.bin,0,7,Incorreta,1602490
Inferência nº [1562],2-162.bin,2,2,Correta,18335180
Inferência nº [1563],7-90.bin,0,7,Incorreta,1589290
Inferência nº [1564],8-163.bin,1,8,Incorreta,18336360
Inferência nº [1565],7-85.bin,0,7,Incorreta,1670390
Inferência nº [1566],3-74.bin,3,3,Correta,18334820
Inferência nº [1567],7-33.bin,0,7,Incorreta,1596800
Inferência nº [1568],3-197.bin,8,3,Incorreta,18332400
Inferência nº [1569],2-105.bin,0,2,Incorreta,1600520
Inferência nº [1570],2-19.bin,8,2,Incorreta,18332500
Inferência nº [1571],1-146.bin,0,1,Incorreta,1591280
Inferência nº [1572],5-190.bin,5,5,Correta,18339930
Inferência nº [1573],9-66.bin,0,9,Incorreta,1597180
Inferência nº [1574],0.118.bin,0,0,Correta,18326600
Inferência nº [1575],0.197.bin,0,0,Correta,1597690
Inferência nº [1576],9-197.bin,9,9,Correta,18341910
Inferência nº [1577],8-143.bin,0,8,Incorreta,1592860
Inferência nº [1578],5-146.bin,8,5,Incorreta,18333690
Inferência nº [1579],8-136.bin,0,8,Incorreta,1598420
Inferência nº [1580],2-107.bin,8,2,Incorreta,18329450
Inferência nº [1581],5-94.bin,0,5,Incorreta,1597690
Inferência nº [1582],0.151.bin,0,0,Correta,18333880
Inferência nº [1583],9-189.bin,0,9,Incorreta,1593010
Inferência nº [1584],0.121.bin,8,0,Incorreta,18352650
Inferência nº [1585],0.133.bin,0,0,Correta,1596730
Inferência nº [1586],1-17.bin,1,1,Correta,18342440
Inferência nº [1587],7-141.bin,0,7,Incorreta,1599500
Inferência nº [1588],1-140.bin,1,1,Correta,18351670
Inferência nº [1589],9-177.bin,0,9,Incorreta,1599000
Inferência nº [1590],1-37.bin,1,1,Correta,18344880
Inferência nº [1591],8-134.bin,0,8,Incorreta,1600070
Inferência nº [1592],4-128.bin,4,4,Correta,18475020
Inferência nº [1593],5-18.bin,0,5,Incorreta,1712970
Inferência nº [1594],4-24.bin,4,4,Correta,18469430
Inferência nº [1595],5-70.bin,0,5,Incorreta,1722360
Inferência nº [1596],0.191.bin,0,0,Correta,18475870
Inferência nº [1597],7-173.bin,0,7,Incorreta,1734820
Inferência nº [1598],7-105.bin,7,7,Correta,18450830
Inferência nº [1599],8-72.bin,0,8,Incorreta,1737220
Inferência nº [1600],4-02.bin,8,4,Incorreta,18476660
Inferência nº [1601],4-56.bin,0,4,Incorreta,1716230
Inferência nº [1602],8-98.bin,8,8,Correta,18446060
Inferência nº [1603],2-153.bin,0,2,Incorreta,1710910
Inferência nº [1604],4-109.bin,4,4,Correta,18475250
Inferência nº [1605],6-154.bin,0,6,Incorreta,1702600
Inferência nº [1606],5-152.bin,5,5,Correta,18436440
Inferência nº [1607],6-41.bin,0,6,Incorreta,1719670
Inferência nº [1608],1-14.bin,1,1,Correta,18477330
Inferência nº [1609],5-143.bin,0,5,Incorreta,1716220
Inferência nº [1610],0.165.bin,2,0,Incorreta,18466020
Inferência nº [1611],5-97.bin,0,5,Incorreta,1707490
Inferência nº [1612],0.60.bin,6,0,Incorreta,18484570
Inferência nº [1613],4-146.bin,0,4,Incorreta,1716240
Inferência nº [1614],3-58.bin,3,3,Correta,18450490
Inferência nº [1615],7-81.bin,0,7,Incorreta,1718220
Inferência nº [1616],3-36.bin,8,3,Incorreta,18479510
Inferência nº [1617],2-158.bin,0,2,Incorreta,1702390
Inferência nº [1618],3-24.bin,8,3,Incorreta,18436960
Inferência nº [1619],5-134.bin,0,5,Incorreta,1698970
Inferência nº [1620],7-160.bin,7,7,Correta,18474140
Inferência nº [1621],5-52.bin,0,5,Incorreta,1716060
Inferência nº [1622],0.156.bin,0,0,Correta,18452140
Inferência nº [1623],9-94.bin,0,9,Incorreta,1710410
Inferência nº [1624],2-180.bin,2,2,Correta,18479810
Inferência nº [1625],6-145.bin,0,6,Incorreta,1706490
Inferência nº [1626],7-190.bin,9,7,Incorreta,18458360
Inferência nº [1627],3-145.bin,0,3,Incorreta,1700520
Inferência nº [1628],9-92.bin,8,9,Incorreta,18492020
Inferência nº [1629],4-186.bin,0,4,Incorreta,1717490
Inferência nº [1630],1-47.bin,1,1,Correta,18472300
Inferência nº [1631],5-115.bin,0,5,Incorreta,1721650
Inferência nº [1632],7-146.bin,7,7,Correta,18474360
Inferência nº [1633],6-172.bin,0,6,Incorreta,1738870
Inferência nº [1634],0.159.bin,0,0,Correta,18446530
Inferência nº [1635],8-39.bin,0,8,Incorreta,1730000
Inferência nº [1636],7-189.bin,7,7,Correta,18474500
Inferência nº [1637],7-145.bin,0,7,Incorreta,1716150
Inferência nº [1638],8-114.bin,8,8,Correta,18447570
Inferência nº [1639],6-149.bin,0,6,Incorreta,1714280
Inferência nº [1640],0.139.bin,0,0,Correta,18481900
Inferência nº [1641],1-72.bin,0,1,Incorreta,1705190
Inferência nº [1642],0.24.bin,0,0,Correta,18442410
Inferência nº [1643],6-02.bin,0,6,Incorreta,1702830
Inferência nº [1644],0.66.bin,8,0,Incorreta,18470480
Inferência nº [1645],5-199.bin,0,5,Incorreta,1712470
Inferência nº [1646],5-103.bin,8,5,Incorreta,18446860
Inferência nº [1647],9-176.bin,0,9,Incorreta,1714030
Inferência nº [1648],7-57.bin,7,7,Correta,18476630
Inferência nº [1649],2-46.bin,0,2,Incorreta,1712920
Inferência nº [1650],3-104.bin,8,3,Incorreta,18454050
Inferência nº [1651],6-127.bin,0,6,Incorreta,1708560
Inferência nº [1652],5-06.bin,4,5,Incorreta,18474090
Inferência nº [1653],5-04.bin,0,5,Incorreta,1718670
Inferência nº [1654],3-156.bin,3,3,Correta,18444700
Inferência nº [1655],6-123.bin,0,6,Incorreta,1710870
Inferência nº [1656],1-82.bin,1,1,Correta,18478840
Inferência nº [1657],9-16.bin,0,9,Incorreta,1714930
Inferência nº [1658],2-197.bin,8,2,Incorreta,18445330
Inferência nº [1659],9-198.bin,0,9,Incorreta,1709300
Inferência nº [1660],6-162.bin,6,6,Correta,18476900
Inferência nº [1661],1-24.bin,0,1,Incorreta,1704310
Inferência nº [1662],5-84.bin,3,5,Incorreta,18440500
Inferência nº [1663],3-144.bin,0,3,Incorreta,1702850
Inferência nº [1664],6-197.bin,6,6,Correta,18500650
Inferência nº [1665],7-18.bin,0,7,Incorreta,1711860
Inferência nº [1666],7-103.bin,8,7,Incorreta,18481830
Inferência nº [1667],6-04.bin,0,6,Incorreta,1704640
Inferência nº [1668],0.103.bin,0,0,Correta,18507130
Inferência nº [1669],5-87.bin,0,5,Incorreta,1736940
Inferência nº [1670],1-30.bin,1,1,Correta,18435840
Inferência nº [1671],4-67.bin,0,4,Incorreta,1723590
Inferência nº [1672],6-144.bin,6,6,Correta,18476500
Inferência nº [1673],0.21.bin,0,0,Correta,1735430
Inferência nº [1674],3-61.bin,3,3,Correta,18449280
Inferência nº [1675],0.114.bin,0,0,Correta,1708840
Inferência nº [1676],7-52.bin,8,7,Incorreta,18478270
Inferência nº [1677],2-156.bin,0,2,Incorreta,1703110
Inferência nº [1678],7-188.bin,7,7,Correta,18436400
Inferência nº [1679],8-85.bin,0,8,Incorreta,1699810
Inferência nº [1680],6-105.bin,6,6,Correta,18475490
Inferência nº [1681],4-166.bin,0,4,Incorreta,1718440
Inferência nº [1682],2-149.bin,2,2,Correta,18461690
Inferência nº [1683],6-35.bin,0,6,Incorreta,1714760
Inferência nº [1684],8-40.bin,8,8,Correta,18485090
Inferência nº [1685],0.163.bin,0,0,Correta,1702010
Inferência nº [1686],1-114.bin,1,1,Correta,18437360
Inferência nº [1687],0.180.bin,0,0,Correta,1699860
Inferência nº [1688],5-32.bin,8,5,Incorreta,18490550
Inferência nº [1689],9-119.bin,0,9,Incorreta,1801720
Inferência nº [1690],4-89.bin,9,4,Incorreta,18452230
Inferência nº [1691],3-121.bin,0,3,Incorreta,1715660
Inferência nº [1692],9-74.bin,7,9,Incorreta,18476000
Inferência nº [1693],0.27.bin,0,0,Correta,1704770
Inferência nº [1694],8-36.bin,8,8,Correta,18440620
Inferência nº [1695],0.190.bin,0,0,Correta,1701240
Inferência nº [1696],0.176.bin,8,0,Incorreta,18475620
Inferência nº [1697],3-138.bin,0,3,Incorreta,1714470
Inferência nº [1698],9-145.bin,9,9,Correta,18453420
Inferência nº [1699],3-82.bin,0,3,Incorreta,1712600
Inferência nº [1700],8-93.bin,8,8,Correta,18523250
Inferência nº [1701],2-145.bin,0,2,Incorreta,1715270
Inferência nº [1702],4-59.bin,4,4,Correta,18472140
Inferência nº [1703],2-64.bin,0,2,Incorreta,1713170
Inferência nº [1704],7-05.bin,2,7,Incorreta,18498770
Inferência nº [1705],7-19.bin,0,7,Incorreta,1737190
Inferência nº [1706],1-88.bin,1,1,Correta,18446890
Inferência nº [1707],1-96.bin,0,1,Incorreta,1730230
Inferência nº [1708],8-132.bin,8,8,Correta,18479580
Inferência nº [1709],1-80.bin,0,1,Incorreta,1722670
Inferência nº [1710],5-77.bin,8,5,Incorreta,18440650
Inferência nº [1711],4-111.bin,0,4,Incorreta,1700530
Inferência nº [1712],7-191.bin,7,7,Correta,18477180
Inferência nº [1713],7-15.bin,0,7,Incorreta,1711930
Inferência nº [1714],2-63.bin,0,2,Incorreta,18450800
Inferência nº [1715],5-163.bin,0,5,Incorreta,1712940
Inferência nº [1716],9-51.bin,9,9,Correta,18480620
Inferência nº [1717],5-71.bin,0,5,Incorreta,1704000
Inferência nº [1718],1-137.bin,1,1,Correta,18438570
Inferência nº [1719],1-51.bin,0,1,Incorreta,1702010
Inferência nº [1720],6-79.bin,6,6,Correta,18473090
Inferência nº [1721],8-63.bin,0,8,Incorreta,1716970
Inferência nº [1722],3-84.bin,3,3,Correta,18447650
Inferência nº [1723],8-52.bin,0,8,Incorreta,1713510
Inferência nº [1724],8-131.bin,8,8,Correta,18479350
Inferência nº [1725],5-179.bin,0,5,Incorreta,1710100
Inferência nº [1726],0.64.bin,6,0,Incorreta,18446890
Inferência nº [1727],5-171.bin,0,5,Incorreta,1700220
Inferência nº [1728],8-29.bin,8,8,Correta,18472130
Inferência nº [1729],2-150.bin,0,2,Incorreta,1713520
Inferência nº [1730],9-113.bin,8,9,Incorreta,18447410
Inferência nº [1731],8-186.bin,0,8,Incorreta,1712960
Inferência nº [1732],5-176.bin,8,5,Incorreta,18479280
Inferência nº [1733],4-27.bin,0,4,Incorreta,1715130
Inferência nº [1734],3-08.bin,3,3,Correta,18446580
Inferência nº [1735],2-194.bin,0,2,Incorreta,1709050
Inferência nº [1736],2-112.bin,2,2,Correta,18495210
Inferência nº [1737],0.70.bin,0,0,Correta,1713260
Inferência nº [1738],3-57.bin,3,3,Correta,18467700
Inferência nº [1739],9-152.bin,0,9,Incorreta,1711850
Inferência nº [1740],6-167.bin,6,6,Correta,18500990
Inferência nº [1741],4-136.bin,0,4,Incorreta,1737290
Inferência nº [1742],1-104.bin,1,1,Correta,18448500
Inferência nº [1743],5-44.bin,0,5,Incorreta,1733600
Inferência nº [1744],5-102.bin,8,5,Incorreta,18480240
Inferência nº [1745],5-20.bin,0,5,Incorreta,1723700
Inferência nº [1746],4-125.bin,4,4,Correta,18439120
Inferência nº [1747],8-73.bin,0,8,Incorreta,1733410
Inferência nº [1748],8-191.bin,8,8,Correta,18478070
Inferência nº [1749],2-184.bin,0,2,Incorreta,1713560
Inferência nº [1750],8-159.bin,8,8,Correta,18446360
Inferência nº [1751],9-28.bin,0,9,Incorreta,1708080
Inferência nº [1752],0.194.bin,0,0,Correta,18476690
Inferência nº [1753],9-36.bin,0,9,Incorreta,1704490
Inferência nº [1754],3-98.bin,3,3,Correta,18441660
Inferência nº [1755],5-15.bin,0,5,Incorreta,1701100
Inferência nº [1756],1-132.bin,1,1,Correta,18476460
Inferência nº [1757],2-113.bin,0,2,Incorreta,1716030
Inferência nº [1758],7-69.bin,3,7,Incorreta,18460970
Inferência nº [1759],4-94.bin,0,4,Incorreta,1713910
Inferência nº [1760],9-102.bin,9,9,Correta,18483450
Inferência nº [1761],2-128.bin,0,2,Incorreta,1707010
Inferência nº [1762],6-38.bin,8,6,Incorreta,18444930
Inferência nº [1763],6-21.bin,0,6,Incorreta,1701430
Inferência nº [1764],9-164.bin,8,9,Incorreta,18485700
Inferência nº [1765],4-147.bin,0,4,Incorreta,1714900
Inferência nº [1766],5-119.bin,8,5,Incorreta,18447590
Inferência nº [1767],3-102.bin,0,3,Incorreta,1709610
Inferência nº [1768],5-63.bin,8,5,Incorreta,18480080
Inferência nº [1769],0.78.bin,0,0,Correta,1702600
Inferência nº [1770],7-25.bin,7,7,Correta,18440480
Inferência nº [1771],6-77.bin,0,6,Incorreta,1704840
Inferência nº [1772],5-58.bin,3,5,Incorreta,18469660
Inferência nº [1773],7-64.bin,0,7,Incorreta,1712720
Inferência nº [1774],9-142.bin,9,9,Correta,18471760
Inferência nº [1775],3-93.bin,0,3,Incorreta,1709640
Inferência nº [1776],7-88.bin,7,7,Correta,18503340
Inferência nº [1777],0.167.bin,0,0,Correta,1712020
Inferência nº [1778],3-99.bin,3,3,Correta,18450800
Inferência nº [1779],6-69.bin,0,6,Incorreta,1732160
Inferência nº [1780],6-111.bin,6,6,Correta,18477440
Inferência nº [1781],7-31.bin,0,7,Incorreta,1725700
Inferência nº [1782],9-52.bin,9,9,Correta,18442980
Inferência nº [1783],2-154.bin,0,2,Incorreta,1728980
Inferência nº [1784],1-103.bin,1,1,Correta,18479600
Inferência nº [1785],8-21.bin,0,8,Incorreta,1711710
Inferência nº [1786],7-10.bin,7,7,Correta,18443490
Inferência nº [1787],2-03.bin,0,2,Incorreta,1701110
Inferência nº [1788],1-54.bin,1,1,Correta,18472220
Inferência nº [1789],3-115.bin,0,3,Incorreta,1713050
Inferência nº [1790],9-174.bin,9,9,Correta,18460110
Inferência nº [1791],9-72.bin,0,9,Incorreta,1713790
Inferência nº [1792],0.80.bin,0,0,Correta,18481260
Inferência nº [1793],1-185.bin,0,1,Incorreta,1704440
Inferência nº [1794],2-43.bin,2,2,Correta,18443070
Inferência nº [1795],3-95.bin,0,3,Incorreta,1700970
Inferência nº [1796],1-44.bin,1,1,Correta,18470050
Inferência nº [1797],5-02.bin,0,5,Incorreta,1724630
Inferência nº [1798],7-46.bin,7,7,Correta,18454040
Inferência nº [1799],9-24.bin,0,9,Incorreta,1712600
Inferência nº [1800],1-03.bin,1,1,Correta,18478660
Inferência nº [1801],4-25.bin,0,4,Incorreta,1715170
Inferência nº [1802],0.61.bin,0,0,Correta,18449620
Inferência nº [1803],9-10.bin,0,9,Incorreta,1712290
Inferência nº [1804],6-160.bin,6,6,Correta,18479650
Inferência nº [1805],8-94.bin,0,8,Incorreta,1712770
Inferência nº [1806],5-144.bin,5,5,Correta,18453350
Inferência nº [1807],6-63.bin,0,6,Incorreta,1700500
Inferência nº [1808],8-160.bin,8,8,Correta,18472110
Inferência nº [1809],4-82.bin,0,4,Incorreta,1716050
Inferência nº [1810],6-181.bin,8,6,Incorreta,18467410
Inferência nº [1811],2-101.bin,0,2,Incorreta,1711650
Inferência nº [1812],2-30.bin,2,2,Correta,18507720
Inferência nº [1813],3-193.bin,0,3,Incorreta,1794800
Inferência nº [1814],3-01.bin,6,3,Incorreta,18462740
Inferência nº [1815],2-189.bin,0,2,Incorreta,1737940
Inferência nº [1816],1-105.bin,1,1,Correta,18483280
Inferência nº [1817],9-118.bin,0,9,Incorreta,1737010
Inferência nº [1818],3-126.bin,3,3,Correta,18447150
Inferência nº [1819],8-145.bin,0,8,Incorreta,1733650
Inferência nº [1820],9-48.bin,9,9,Correta,18425510
Inferência nº [1821],2-11.bin,0,2,Incorreta,1596110
Inferência nº [1822],0.14.bin,0,0,Correta,18334230
Inferência nº [1823],0.175.bin,0,0,Correta,1598370
Inferência nº [1824],1-169.bin,1,1,Correta,18325780
Inferência nº [1825],2-134.bin,0,2,Incorreta,1685090
Inferência nº [1826],6-164.bin,6,6,Correta,18326690
Inferência nº [1827],0.125.bin,0,0,Correta,1601510
Inferência nº [1828],9-67.bin,9,9,Correta,18335360
Inferência nº [1829],1-28.bin,0,1,Incorreta,1676460
Inferência nº [1830],0.38.bin,8,0,Incorreta,18337350
Inferência nº [1831],4-36.bin,0,4,Incorreta,1594950
Inferência nº [1832],3-32.bin,2,3,Incorreta,18335250
Inferência nº [1833],0.130.bin,0,0,Correta,1604510
Inferência nº [1834],8-112.bin,8,8,Correta,18326180
Inferência nº [1835],6-192.bin,0,6,Incorreta,1595670
Inferência nº [1836],9-195.bin,8,9,Incorreta,18330520
Inferência nº [1837],0.73.bin,0,0,Correta,1600100
Inferência nº [1838],7-123.bin,8,7,Incorreta,18330830
Inferência nº [1839],4-88.bin,0,4,Incorreta,1597230
Inferência nº [1840],3-169.bin,3,3,Correta,18337660
Inferência nº [1841],6-186.bin,0,6,Incorreta,1600210
Inferência nº [1842],3-162.bin,8,3,Incorreta,18336040
Inferência nº [1843],3-76.bin,0,3,Incorreta,1599000
Inferência nº [1844],8-24.bin,8,8,Correta,18333850
Inferência nº [1845],0.184.bin,0,0,Correta,1599940
Inferência nº [1846],8-71.bin,8,8,Correta,18328390
Inferência nº [1847],0.142.bin,0,0,Correta,1596950
Inferência nº [1848],7-42.bin,7,7,Correta,18330650
Inferência nº [1849],0.37.bin,0,0,Correta,1600440
Inferência nº [1850],4-197.bin,8,4,Incorreta,18335020
Inferência nº [1851],0.55.bin,0,0,Correta,1598720
Inferência nº [1852],6-34.bin,6,6,Correta,18337380
Inferência nº [1853],7-47.bin,0,7,Incorreta,1596650
Inferência nº [1854],0.16.bin,0,0,Correta,18324970
Inferência nº [1855],4-65.bin,0,4,Incorreta,1598040
Inferência nº [1856],0.72.bin,0,0,Correta,18341080
Inferência nº [1857],7-200.bin,0,7,Incorreta,1603100
Inferência nº [1858],2-15.bin,8,2,Incorreta,18332420
Inferência nº [1859],1-109.bin,0,1,Incorreta,1597370
Inferência nº [1860],6-189.bin,6,6,Correta,18332300
Inferência nº [1861],6-133.bin,0,6,Incorreta,1604300
Inferência nº [1862],0.168.bin,0,0,Correta,18333490
Inferência nº [1863],9-185.bin,0,9,Incorreta,1590850
Inferência nº [1864],7-126.bin,7,7,Correta,18336980
Inferência nº [1865],2-109.bin,0,2,Incorreta,1600240
Inferência nº [1866],0.68.bin,0,0,Correta,18326620
Inferência nº [1867],8-35.bin,0,8,Incorreta,1597380
Inferência nº [1868],5-194.bin,3,5,Incorreta,18338920
Inferência nº [1869],6-09.bin,0,6,Incorreta,1592750
Inferência nº [1870],1-184.bin,1,1,Correta,18332430
Inferência nº [1871],7-158.bin,0,7,Incorreta,1596550
Inferência nº [1872],9-91.bin,9,9,Correta,18327760
Inferência nº [1873],1-189.bin,0,1,Incorreta,1599240
Inferência nº [1874],3-176.bin,3,3,Correta,18337510
Inferência nº [1875],0.89.bin,0,0,Correta,1591590
Inferência nº [1876],7-45.bin,7,7,Correta,18337300
Inferência nº [1877],8-198.bin,0,8,Incorreta,1598320
Inferência nº [1878],5-55.bin,5,5,Correta,18326470
Inferência nº [1879],1-157.bin,0,1,Incorreta,1595710
Inferência nº [1880],3-30.bin,2,3,Incorreta,18340390
Inferência nº [1881],1-129.bin,0,1,Incorreta,1591430
Inferência nº [1882],2-01.bin,2,2,Correta,18330400
Inferência nº [1883],9-110.bin,0,9,Incorreta,1590170
Inferência nº [1884],1-123.bin,1,1,Correta,18337170
Inferência nº [1885],5-166.bin,0,5,Incorreta,1597130
Inferência nº [1886],4-127.bin,8,4,Incorreta,18325310
Inferência nº [1887],9-69.bin,0,9,Incorreta,1597440
Inferência nº [1888],6-176.bin,8,6,Incorreta,18341730
Inferência nº [1889],9-173.bin,0,9,Incorreta,1592060
Inferência nº [1890],6-177.bin,6,6,Correta,18333560
Inferência nº [1891],8-185.bin,0,8,Incorreta,1599340
Inferência nº [1892],6-99.bin,8,6,Incorreta,18331260
Inferência nº [1893],9-60.bin,0,9,Incorreta,1599570
Inferência nº [1894],2-04.bin,8,2,Incorreta,18337580
Inferência nº [1895],2-171.bin,0,2,Incorreta,1594220
Inferência nº [1896],7-128.bin,8,7,Incorreta,18336960
Inferência nº [1897],7-66.bin,0,7,Incorreta,1597700
Inferência nº [1898],3-113.bin,3,3,Correta,18342050
Inferência nº [1899],3-122.bin,0,3,Incorreta,1600830
Inferência nº [1900],2-190.bin,2,2,Correta,18352870
Inferência nº [1901],2-131.bin,0,2,Incorreta,1597900
Inferência nº [1902],7-34.bin,2,7,Incorreta,18344600
Inferência nº [1903],1-22.bin,0,1,Incorreta,1598140
Inferência nº [1904],5-187.bin,6,5,Incorreta,18353470
Inferência nº [1905],1-122.bin,0,1,Incorreta,1598600
Inferência nº [1906],3-28.bin,3,3,Correta,18351480
Inferência nº [1907],8-33.bin,0,8,Incorreta,1595750
Inferência nº [1908],1-09.bin,1,1,Correta,18358550
Inferência nº [1909],1-127.bin,0,1,Incorreta,1604540
Inferência nº [1910],9-39.bin,9,9,Correta,18360710
Inferência nº [1911],5-154.bin,0,5,Incorreta,1600560
Inferência nº [1912],5-123.bin,8,5,Incorreta,18360410
Inferência nº [1913],6-08.bin,0,6,Incorreta,1621690
Inferência nº [1914],8-87.bin,8,8,Correta,18328650
Inferência nº [1915],0.155.bin,0,0,Correta,1617270
Inferência nº [1916],8-54.bin,8,8,Correta,18335550
Inferência nº [1917],1-90.bin,0,1,Incorreta,1627440
Inferência nº [1918],6-07.bin,6,6,Correta,18327800
Inferência nº [1919],3-157.bin,0,3,Incorreta,1615510
Inferência nº [1920],1-120.bin,1,1,Correta,18334740
Inferência nº [1921],1-159.bin,0,1,Incorreta,1620920
Inferência nº [1922],6-147.bin,6,6,Correta,18325670
Inferência nº [1923],4-76.bin,0,4,Incorreta,1617080
Inferência nº [1924],1-52.bin,1,1,Correta,18334900
Inferência nº [1925],7-159.bin,0,7,Incorreta,1620540
Inferência nº [1926],7-53.bin,8,7,Incorreta,18326210
Inferência nº [1927],6-91.bin,0,6,Incorreta,1616710
Inferência nº [1928],2-148.bin,6,2,Incorreta,18333940
Inferência nº [1929],7-108.bin,0,7,Incorreta,1619440
Inferência nº [1930],5-26.bin,5,5,Correta,18349990
Inferência nº [1931],4-54.bin,0,4,Incorreta,1596830
Inferência nº [1932],9-57.bin,8,9,Incorreta,18338030
Inferência nº [1933],2-78.bin,0,2,Incorreta,1600530
Inferência nº [1934],1-181.bin,8,1,Incorreta,18331980
Inferência nº [1935],8-178.bin,0,8,Incorreta,1595770
Inferência nº [1936],3-149.bin,8,3,Incorreta,18325000
Inferência nº [1937],7-199.bin,0,7,Incorreta,1687950
Inferência nº [1938],2-66.bin,2,2,Correta,18399600
Inferência nº [1939],4-81.bin,0,4,Incorreta,1597490
Inferência nº [1940],4-15.bin,4,4,Correta,18345170
Inferência nº [1941],9-181.bin,0,9,Incorreta,1601230
Inferência nº [1942],0.147.bin,3,0,Incorreta,18331170
Inferência nº [1943],8-146.bin,0,8,Incorreta,1590530
Inferência nº [1944],6-26.bin,6,6,Correta,18338140
Inferência nº [1945],0.115.bin,0,0,Correta,1597980
Inferência nº [1946],0.87.bin,0,0,Correta,18326930
Inferência nº [1947],6-42.bin,0,6,Incorreta,1598340
Inferência nº [1948],4-40.bin,4,4,Correta,18341800
Inferência nº [1949],2-185.bin,0,2,Incorreta,1592230
Inferência nº [1950],9-159.bin,7,9,Incorreta,18332770
Inferência nº [1951],1-173.bin,0,1,Incorreta,1598780
Inferência nº [1952],7-91.bin,7,7,Correta,18328530
Inferência nº [1953],4-87.bin,0,4,Incorreta,1600610
Inferência nº [1954],0.10.bin,2,0,Incorreta,18336190
Inferência nº [1955],7-38.bin,0,7,Incorreta,1593630
Inferência nº [1956],8-58.bin,8,8,Correta,18333860
Inferência nº [1957],1-153.bin,0,1,Incorreta,1597730
Inferência nº [1958],8-41.bin,8,8,Correta,18326200
Inferência nº [1959],5-68.bin,0,5,Incorreta,1599640
Inferência nº [1960],8-181.bin,8,8,Correta,18337390
Inferência nº [1961],0.49.bin,0,0,Correta,1592650
Inferência nº [1962],7-37.bin,7,7,Correta,18330670
Inferência nº [1963],4-78.bin,0,4,Incorreta,1600370
Inferência nº [1964],9-178.bin,8,9,Incorreta,18329040
Inferência nº [1965],8-14.bin,0,8,Incorreta,1597120
Inferência nº [1966],3-133.bin,3,3,Correta,18327110
Inferência nº [1967],8-61.bin,0,8,Incorreta,1598280
Inferência nº [1968],4-08.bin,4,4,Correta,18336900
Inferência nº [1969],1-168.bin,0,1,Incorreta,1599240
Inferência nº [1970],9-30.bin,9,9,Correta,18326360
Inferência nº [1971],6-37.bin,0,6,Incorreta,1595940
Inferência nº [1972],3-110.bin,3,3,Correta,18328960
Inferência nº [1973],0.128.bin,0,0,Correta,1599440
Inferência nº [1974],9-115.bin,3,9,Incorreta,18338430
Inferência nº [1975],9-03.bin,0,9,Incorreta,1592060
Inferência nº [1976],6-184.bin,6,6,Correta,18335990
Inferência nº [1977],6-169.bin,0,6,Incorreta,1596540
Inferência nº [1978],9-120.bin,8,9,Incorreta,18327610
Inferência nº [1979],6-32.bin,0,6,Incorreta,1595780
Inferência nº [1980],2-93.bin,8,2,Incorreta,18336610
Inferência nº [1981],5-98.bin,0,5,Incorreta,1592300
Inferência nº [1982],5-47.bin,8,5,Incorreta,18333390
Inferência nº [1983],7-127.bin,0,7,Incorreta,1598350
Inferência nº [1984],8-79.bin,2,8,Incorreta,18341750
Inferência nº [1985],7-35.bin,0,7,Incorreta,1601180
Inferência nº [1986],9-96.bin,9,9,Correta,18325940
Inferência nº [1987],9-168.bin,0,9,Incorreta,1598530
Inferência nº [1988],4-172.bin,4,4,Correta,18340870
Inferência nº [1989],0.97.bin,0,0,Correta,1603530
Inferência nº [1990],0.116.bin,0,0,Correta,18332620
Inferência nº [1991],8-02.bin,0,8,Incorreta,1597190
Inferência nº [1992],0.46.bin,8,0,Incorreta,18330990
Inferência nº [1993],5-67.bin,0,5,Incorreta,1604040
Inferência nº [1994],1-50.bin,1,1,Correta,18332740
Inferência nº [1995],3-37.bin,0,3,Incorreta,1591590
Inferência nº [1996],8-65.bin,8,8,Correta,18335230
Inferência nº [1997],6-64.bin,0,6,Incorreta,1600750
Inferência nº [1998],9-107.bin,9,9,Correta,18324590
Inferência nº [1999],9-117.bin,0,9,Incorreta,1596430
Inferência nº [2000],6-108.bin,8,6,Incorreta,18335830

MÉTRICAS BENCHMARK
Total de imagens,Imagens inferidas corretamente,Imagens inferidas incorretamente,Erros ao carregar imagem,Erros ao iniciar inferência,Acurácia,Latência (ns),Throughput (inferencias/s),Desvio padrão (ns)
2000,768,1232,0,0,38.40%,10064614,99.36,8372156
